Position,Name + ID,Name,ID,Roster Position,Salary,Game Info,TeamAbbrev,AvgPointsPerGame,Proj,StDev
WR,Justin Jefferson (28792603),Justin Jefferson,28792603,WR/FLEX,8800,TB@MIN 09/10/2023 01:00PM ET,MIN,22.79,20.086,11.315
RB,Christian McCaffrey (28792269),Christian McCaffrey,28792269,RB/FLEX,8700,SF@PIT 09/10/2023 01:00PM ET,SF,21.71,19.138,9.08
RB,Austin Ekeler (28792271),Austin Ekeler,28792271,RB/FLEX,8400,MIA@LAC 09/10/2023 04:25PM ET,LAC,22.22,19.666,8.8
WR,Cooper Kupp (28792605),Cooper Kupp,28792605,WR/FLEX,8400,LAR@SEA 09/10/2023 04:25PM ET,LAR,24.16,19.672,9.65
RB,Nick Chubb (28792273),Nick Chubb,28792273,RB/FLEX,8200,CIN@CLE 09/10/2023 01:00PM ET,CLE,17.85,16.181,7.86
WR,Tyreek Hill (28792607),Tyreek Hill,28792607,WR/FLEX,8200,MIA@LAC 09/10/2023 04:25PM ET,MIA,21.37,20.545,11.83
WR,Ja'Marr Chase (28792609),Ja'Marr Chase,28792609,WR/FLEX,8100,CIN@CLE 09/10/2023 01:00PM ET,CIN,20.71,18.236,11.43
RB,Bijan Robinson (28792275),Bijan Robinson,28792275,RB/FLEX,8000,CAR@ATL 09/10/2023 01:00PM ET,ATL,0,17.316,8
QB,Lamar Jackson (28792178),Lamar Jackson,28792178,QB,8000,HOU@BAL 09/10/2023 01:00PM ET,BAL,21.17,21.922,8.685
RB,Jonathan Taylor (28792277),Jonathan Taylor,28792277,RB/FLEX,7900,JAX@IND 09/10/2023 01:00PM ET,IND,14.13,3.16,0
WR,Davante Adams (28792611),Davante Adams,28792611,WR/FLEX,7900,LV@DEN 09/10/2023 04:25PM ET,LV,21.15,16.129,9.755
RB,Derrick Henry (28792279),Derrick Henry,28792279,RB/FLEX,7800,TEN@NO 09/10/2023 01:00PM ET,TEN,20.8,18.526,8.415
QB,Jalen Hurts (28792179),Jalen Hurts,28792179,QB,7800,PHI@NE 09/10/2023 04:25PM ET,PHI,26.92,21.739,8.54
QB,Justin Fields (28792180),Justin Fields,28792180,QB,7700,GB@CHI 09/10/2023 04:25PM ET,CHI,21.2,21.262,8.775
RB,Josh Jacobs (28792281),Josh Jacobs,28792281,RB/FLEX,7700,LV@DEN 09/10/2023 04:25PM ET,LV,20.43,18.035,8.305
WR,A.J. Brown (28792613),A.J. Brown,28792613,WR/FLEX,7600,PHI@NE 09/10/2023 04:25PM ET,PHI,17.51,15.341,10.805
WR,Keenan Allen (28792615),Keenan Allen,28792615,WR/FLEX,7300,MIA@LAC 09/10/2023 04:25PM ET,LAC,16.64,16.299,9.47
WR,DeVonta Smith (28792617),DeVonta Smith,28792617,WR/FLEX,7200,PHI@NE 09/10/2023 04:25PM ET,PHI,15.72,13.395,9.43
QB,Joe Burrow (28792181),Joe Burrow,28792181,QB,7100,CIN@CLE 09/10/2023 01:00PM ET,CIN,23.08,21.009,8.48
WR,Jaylen Waddle (28792619),Jaylen Waddle,28792619,WR/FLEX,7100,MIA@LAC 09/10/2023 04:25PM ET,MIA,15.91,16.028,11.09
RB,Rhamondre Stevenson (28792283),Rhamondre Stevenson,28792283,RB/FLEX,7000,PHI@NE 09/10/2023 04:25PM ET,NE,15.06,15.491,8.065
WR,DK Metcalf (28792621),DK Metcalf,28792621,WR/FLEX,7000,LAR@SEA 09/10/2023 04:25PM ET,SEA,15.19,14.463,9.97
RB,Travis Etienne Jr. (28792285),Travis Etienne Jr.,28792285,RB/FLEX,6900,JAX@IND 09/10/2023 01:00PM ET,JAX,13.48,16.117,8.72
WR,DeAndre Hopkins (28792623),DeAndre Hopkins,28792623,WR/FLEX,6900,TEN@NO 09/10/2023 01:00PM ET,TEN,17.63,13.237,8.54
QB,Justin Herbert (28792182),Justin Herbert,28792182,QB,6900,MIA@LAC 09/10/2023 04:25PM ET,LAC,18.08,21.36,8.52
RB,Joe Mixon (28792287),Joe Mixon,28792287,RB/FLEX,6800,CIN@CLE 09/10/2023 01:00PM ET,CIN,16.52,14.647,7.86
WR,Tee Higgins (28792625),Tee Higgins,28792625,WR/FLEX,6800,CIN@CLE 09/10/2023 01:00PM ET,CIN,14.14,14.189,10.345
RB,Alvin Kamara (28792289),Alvin Kamara,28792289,RB/FLEX,6700,TEN@NO 09/10/2023 01:00PM ET,NO,14.78,0,0
QB,Tua Tagovailoa (28792183),Tua Tagovailoa,28792183,QB,6700,MIA@LAC 09/10/2023 04:25PM ET,MIA,19.38,18.903,8.26
WR,Tyler Lockett (28792627),Tyler Lockett,28792627,WR/FLEX,6700,LAR@SEA 09/10/2023 04:25PM ET,SEA,15.19,14.487,9.575
RB,J.K. Dobbins (28792291),J.K. Dobbins,28792291,RB/FLEX,6600,HOU@BAL 09/10/2023 01:00PM ET,BAL,11.97,13.839,7.84
WR,Jerry Jeudy (28792629),Jerry Jeudy,28792629,WR/FLEX,6600,LV@DEN 09/10/2023 04:25PM ET,DEN,14.21,14.164,9.825
QB,Trevor Lawrence (28792184),Trevor Lawrence,28792184,QB,6500,JAX@IND 09/10/2023 01:00PM ET,JAX,19.22,19.183,8.37
WR,Calvin Ridley (28792633),Calvin Ridley,28792633,WR/FLEX,6500,JAX@IND 09/10/2023 01:00PM ET,JAX,0,12.47,9.37
RB,Alexander Mattison (28792293),Alexander Mattison,28792293,RB/FLEX,6500,TB@MIN 09/10/2023 01:00PM ET,MIN,4.98,16.557,8.045
WR,Chris Olave (28792631),Chris Olave,28792631,WR/FLEX,6500,TEN@NO 09/10/2023 01:00PM ET,NO,13.95,14.493,10.27
RB,James Conner (28792295),James Conner,28792295,RB/FLEX,6400,ARI@WAS 09/10/2023 01:00PM ET,ARI,15.71,13.28,7.305
WR,Terry McLaurin (28792635),Terry McLaurin,28792635,WR/FLEX,6400,ARI@WAS 09/10/2023 01:00PM ET,WAS,14.18,11.871,9.165
QB,Kirk Cousins (28792185),Kirk Cousins,28792185,QB,6300,TB@MIN 09/10/2023 01:00PM ET,MIN,19.08,19.059,8.23
WR,Mike Evans (28792637),Mike Evans,28792637,WR/FLEX,6300,TB@MIN 09/10/2023 01:00PM ET,TB,15.61,13.304,10.055
RB,Aaron Jones (28792297),Aaron Jones,28792297,RB/FLEX,6300,GB@CHI 09/10/2023 04:25PM ET,GB,15.68,14.534,7.52
TE,Mark Andrews (28793249),Mark Andrews,28793249,TE/FLEX,6200,HOU@BAL 09/10/2023 01:00PM ET,BAL,13.24,13.538,9.455
WR,Michael Pittman Jr. (28792639),Michael Pittman Jr.,28792639,WR/FLEX,6200,JAX@IND 09/10/2023 01:00PM ET,IND,13.97,12.986,8.645
RB,Cam Akers (28792299),Cam Akers,28792299,RB/FLEX,6200,LAR@SEA 09/10/2023 04:25PM ET,LAR,10.15,14.54,7.94
RB,Najee Harris (28792301),Najee Harris,28792301,RB/FLEX,6100,SF@PIT 09/10/2023 01:00PM ET,PIT,13.44,13.333,7.355
WR,DJ Moore (28792641),DJ Moore,28792641,WR/FLEX,6100,GB@CHI 09/10/2023 04:25PM ET,CHI,12.24,10.931,8.975
QB,Geno Smith (28792186),Geno Smith,28792186,QB,6100,LAR@SEA 09/10/2023 04:25PM ET,SEA,19.43,19.59,7.84
QB,Deshaun Watson (28792187),Deshaun Watson,28792187,QB,6000,CIN@CLE 09/10/2023 01:00PM ET,CLE,15.1,18.461,7.85
WR,Christian Watson (28792643),Christian Watson,28792643,WR/FLEX,6000,GB@CHI 09/10/2023 04:25PM ET,GB,12.36,13.162,10.44
RB,Kenneth Walker III (28792303),Kenneth Walker III,28792303,RB/FLEX,6000,LAR@SEA 09/10/2023 04:25PM ET,SEA,14.44,11.884,8.295
WR,Chris Godwin (28792645),Chris Godwin,28792645,WR/FLEX,5900,TB@MIN 09/10/2023 01:00PM ET,TB,15.58,14.403,9
TE,T.J. Hockenson (28793251),T.J. Hockenson,28793251,TE/FLEX,5900,TB@MIN 09/10/2023 01:00PM ET,MIN,13.79,12.233,8.13
QB,Russell Wilson (28792188),Russell Wilson,28792188,QB,5900,LV@DEN 09/10/2023 04:25PM ET,DEN,16.12,18.493,7.99
RB,Dameon Pierce (28792305),Dameon Pierce,28792305,RB/FLEX,5800,HOU@BAL 09/10/2023 01:00PM ET,HOU,13.42,12.905,6.875
WR,Amari Cooper (28792647),Amari Cooper,28792647,WR/FLEX,5800,CIN@CLE 09/10/2023 01:00PM ET,CLE,15.41,13.052,9.645
QB,Kyler Murray (28792189),Kyler Murray,28792189,QB,5800,ARI@WAS 09/10/2023 01:00PM ET,ARI,19.86,0,0
TE,George Kittle (28793253),George Kittle,28793253,TE/FLEX,5700,SF@PIT 09/10/2023 01:00PM ET,SF,12.96,9.61,7.825
RB,Javonte Williams (28792307),Javonte Williams,28792307,RB/FLEX,5700,LV@DEN 09/10/2023 04:25PM ET,DEN,10.75,13.695,7.22
WR,Mike Williams (28792649),Mike Williams,28792649,WR/FLEX,5700,MIA@LAC 09/10/2023 04:25PM ET,LAC,14.5,13.531,9.695
QB,Matthew Stafford (28792190),Matthew Stafford,28792190,QB,5700,LAR@SEA 09/10/2023 04:25PM ET,LAR,13.6,15.982,7.4
RB,Miles Sanders (28792309),Miles Sanders,28792309,RB/FLEX,5600,CAR@ATL 09/10/2023 01:00PM ET,CAR,12.79,11.93,6.64
QB,Anthony Richardson (28792191),Anthony Richardson,28792191,QB,5600,JAX@IND 09/10/2023 01:00PM ET,IND,0,16.692,7.1
WR,Christian Kirk (28792651),Christian Kirk,28792651,WR/FLEX,5600,JAX@IND 09/10/2023 01:00PM ET,JAX,15.46,13.251,9.905
QB,Bryce Young (28792192),Bryce Young,28792192,QB,5500,CAR@ATL 09/10/2023 01:00PM ET,CAR,0,13.362,6.52
RB,Rachaad White (28792313),Rachaad White,28792313,RB/FLEX,5500,TB@MIN 09/10/2023 01:00PM ET,TB,8.71,11.042,6.335
WR,Deebo Samuel (28792653),Deebo Samuel,28792653,WR/FLEX,5500,SF@PIT 09/10/2023 01:00PM ET,SF,13.68,12.274,8.3
RB,D'Onta Foreman (28792311),D'Onta Foreman,28792311,RB/FLEX,5500,GB@CHI 09/10/2023 04:25PM ET,CHI,8.59,5.079,6.115
RB,Tyler Allgeier (28792319),Tyler Allgeier,28792319,RB/FLEX,5400,CAR@ATL 09/10/2023 01:00PM ET,ATL,10.34,7.113,6.21
WR,Drake London (28792655),Drake London,28792655,WR/FLEX,5400,CAR@ATL 09/10/2023 01:00PM ET,ATL,10.86,12.827,8.585
QB,C.J. Stroud (28792194),C.J. Stroud,28792194,QB,5400,HOU@BAL 09/10/2023 01:00PM ET,HOU,0,13.456,6.605
QB,Brock Purdy (28792193),Brock Purdy,28792193,QB,5400,SF@PIT 09/10/2023 01:00PM ET,SF,13.12,15.249,7.25
RB,Raheem Mostert (28792315),Raheem Mostert,28792315,RB/FLEX,5400,MIA@LAC 09/10/2023 04:25PM ET,MIA,10.96,9.382,6.08
RB,D'Andre Swift (28792317),D'Andre Swift,28792317,RB/FLEX,5400,PHI@NE 09/10/2023 04:25PM ET,PHI,13.86,8.87,6.36
WR,Rashod Bateman (28792659),Rashod Bateman,28792659,WR/FLEX,5300,HOU@BAL 09/10/2023 01:00PM ET,BAL,9.58,7.475,7.185
QB,Derek Carr (28792196),Derek Carr,28792196,QB,5300,TEN@NO 09/10/2023 01:00PM ET,NO,15.94,15.475,7.455
WR,Diontae Johnson (28792657),Diontae Johnson,28792657,WR/FLEX,5300,SF@PIT 09/10/2023 01:00PM ET,PIT,10.63,11.923,7.71
RB,Khalil Herbert (28792323),Khalil Herbert,28792323,RB/FLEX,5300,GB@CHI 09/10/2023 04:25PM ET,CHI,9.29,11.583,7.02
QB,Jimmy Garoppolo (28792195),Jimmy Garoppolo,28792195,QB,5300,LV@DEN 09/10/2023 04:25PM ET,LV,15.8,14.813,7.055
RB,Jeff Wilson Jr. (28792321),Jeff Wilson Jr.,28792321,RB/FLEX,5300,MIA@LAC 09/10/2023 04:25PM ET,MIA,10.42,4.686,3.82
QB,Ryan Tannehill (28792198),Ryan Tannehill,28792198,QB,5200,TEN@NO 09/10/2023 01:00PM ET,TEN,14.35,13.938,6.825
QB,Kenny Pickett (28792197),Kenny Pickett,28792197,QB,5200,SF@PIT 09/10/2023 01:00PM ET,PIT,12.53,14.695,6.83
RB,Antonio Gibson (28792327),Antonio Gibson,28792327,RB/FLEX,5200,ARI@WAS 09/10/2023 01:00PM ET,WAS,11.06,9.897,6.355
WR,Marquise Brown (28792663),Marquise Brown,28792663,WR/FLEX,5200,ARI@WAS 09/10/2023 01:00PM ET,ARI,13.25,10.619,8.245
RB,AJ Dillon (28792325),AJ Dillon,28792325,RB/FLEX,5200,GB@CHI 09/10/2023 04:25PM ET,GB,9.86,10.434,6.965
WR,Courtland Sutton (28792661),Courtland Sutton,28792661,WR/FLEX,5200,LV@DEN 09/10/2023 04:25PM ET,DEN,10.83,11.161,8.31
RB,Ezekiel Elliott (29012892),Ezekiel Elliott,29012892,RB/FLEX,5200,PHI@NE 09/10/2023 04:25PM ET,NE,11.51,8.449,6.25
WR,Jordan Addison (28792667),Jordan Addison,28792667,WR/FLEX,5100,TB@MIN 09/10/2023 01:00PM ET,MIN,0,10.749,7.41
RB,Jamaal Williams (28792333),Jamaal Williams,28792333,RB/FLEX,5100,TEN@NO 09/10/2023 01:00PM ET,NO,13.76,14.729,8
WR,Michael Thomas (28792665),Michael Thomas,28792665,WR/FLEX,5100,TEN@NO 09/10/2023 01:00PM ET,NO,17.03,10.131,7.19
RB,Brian Robinson Jr. (28792331),Brian Robinson Jr.,28792331,RB/FLEX,5100,ARI@WAS 09/10/2023 01:00PM ET,WAS,9.64,12.743,7.47
RB,Samaje Perine (28792329),Samaje Perine,28792329,RB/FLEX,5100,LV@DEN 09/10/2023 04:25PM ET,DEN,8.86,9.156,6.25
QB,Mac Jones (28792199),Mac Jones,28792199,QB,5100,PHI@NE 09/10/2023 04:25PM ET,NE,13.43,15.385,7.385
RB,Chuba Hubbard (28792341),Chuba Hubbard,28792341,RB/FLEX,5000,CAR@ATL 09/10/2023 01:00PM ET,CAR,6.11,7.117,5.56
RB,Cordarrelle Patterson (28792343),Cordarrelle Patterson,28792343,RB/FLEX,5000,CAR@ATL 09/10/2023 01:00PM ET,ATL,12.44,4.364,4.04
WR,Odell Beckham Jr. (28792675),Odell Beckham Jr.,28792675,WR/FLEX,5000,HOU@BAL 09/10/2023 01:00PM ET,BAL,0,2.463,4.735
WR,Robert Woods (28792677),Robert Woods,28792677,WR/FLEX,5000,HOU@BAL 09/10/2023 01:00PM ET,HOU,6.86,7.518,6.305
RB,Tank Bigsby (28792339),Tank Bigsby,28792339,RB/FLEX,5000,JAX@IND 09/10/2023 01:00PM ET,JAX,0,6.174,6.095
WR,Treylon Burks (28792673),Treylon Burks,28792673,WR/FLEX,5000,TEN@NO 09/10/2023 01:00PM ET,TEN,8.83,6.467,7.56
RB,Elijah Mitchell (28792337),Elijah Mitchell,28792337,RB/FLEX,5000,SF@PIT 09/10/2023 01:00PM ET,SF,8.49,7.001,5.945
WR,George Pickens (28792671),George Pickens,28792671,WR/FLEX,5000,SF@PIT 09/10/2023 01:00PM ET,PIT,9.97,9.436,7.935
WR,Jahan Dotson (28792669),Jahan Dotson,28792669,WR/FLEX,5000,ARI@WAS 09/10/2023 01:00PM ET,WAS,11.13,10.099,8.785
QB,Jordan Love (28792200),Jordan Love,28792200,QB,5000,GB@CHI 09/10/2023 04:25PM ET,GB,2.92,15.69,7.585
RB,Rashaad Penny (28792335),Rashaad Penny,28792335,RB/FLEX,5000,PHI@NE 09/10/2023 04:25PM ET,PHI,11.04,5.492,6.135
TE,Dallas Goedert (28793255),Dallas Goedert,28793255,TE/FLEX,5000,PHI@NE 09/10/2023 04:25PM ET,PHI,12.09,9.585,7.525
QB,Desmond Ridder (28792204),Desmond Ridder,28792204,QB,4900,CAR@ATL 09/10/2023 01:00PM ET,ATL,10.18,14.574,7.02
QB,Gardner Minshew II (28792203),Gardner Minshew II,28792203,QB,4900,JAX@IND 09/10/2023 01:00PM ET,IND,6.23,0,0
QB,Baker Mayfield (28792202),Baker Mayfield,28792202,QB,4900,TB@MIN 09/10/2023 01:00PM ET,TB,10.95,16.334,7.72
RB,Tyjae Spears (28792349),Tyjae Spears,28792349,RB/FLEX,4900,TEN@NO 09/10/2023 01:00PM ET,TEN,0,4.643,5.22
WR,Brandon Aiyuk (28792681),Brandon Aiyuk,28792681,WR/FLEX,4900,SF@PIT 09/10/2023 01:00PM ET,SF,12.44,10.981,8.065
QB,Sam Howell (28792201),Sam Howell,28792201,QB,4900,ARI@WAS 09/10/2023 01:00PM ET,WAS,19.26,17.442,7.78
RB,Joshua Kelley (28792345),Joshua Kelley,28792345,RB/FLEX,4900,MIA@LAC 09/10/2023 04:25PM ET,LAC,4.9,6.729,6.23
RB,De'Von Achane (28792347),De'Von Achane,28792347,RB/FLEX,4900,MIA@LAC 09/10/2023 04:25PM ET,MIA,0,5.584,5.72
WR,Jaxon Smith-Njigba (28792679),Jaxon Smith-Njigba,28792679,WR/FLEX,4900,LAR@SEA 09/10/2023 04:25PM ET,SEA,0,6.228,6.39
QB,P.J. Walker (28792205),P.J. Walker,28792205,QB,4800,CIN@CLE 09/10/2023 01:00PM ET,CLE,7.52,0,0
QB,Tyler Huntley (28792210),Tyler Huntley,28792210,QB,4800,HOU@BAL 09/10/2023 01:00PM ET,BAL,10.49,0,0
QB,Trevor Siemian (28792209),Trevor Siemian,28792209,QB,4800,CIN@CLE 09/10/2023 01:00PM ET,CIN,5.58,0,0
QB,Jameis Winston (28792208),Jameis Winston,28792208,QB,4800,TEN@NO 09/10/2023 01:00PM ET,NO,17.31,0,0
QB,Jacoby Brissett (28792206),Jacoby Brissett,28792206,QB,4800,ARI@WAS 09/10/2023 01:00PM ET,WAS,11.35,0,0
QB,Colt McCoy (28792207),Colt McCoy,28792207,QB,4800,ARI@WAS 09/10/2023 01:00PM ET,ARI,8.95,2.2,0
RB,Zamir White (28792355),Zamir White,28792355,RB/FLEX,4800,LV@DEN 09/10/2023 04:25PM ET,LV,0.5,1.745,3.68
WR,Jakobi Meyers (28792685),Jakobi Meyers,28792685,WR/FLEX,4800,LV@DEN 09/10/2023 04:25PM ET,LV,13.24,9.788,7.26
WR,JuJu Smith-Schuster (28792683),JuJu Smith-Schuster,28792683,WR/FLEX,4800,PHI@NE 09/10/2023 04:25PM ET,NE,11.17,11.195,7.895
RB,Zach Charbonnet (28792351),Zach Charbonnet,28792351,RB/FLEX,4800,LAR@SEA 09/10/2023 04:25PM ET,SEA,0,7.222,6.38
RB,Sony Michel (28792353),Sony Michel,28792353,RB/FLEX,4800,LAR@SEA 09/10/2023 04:25PM ET,LAR,2.49,0,0
TE,Tyler Higbee (28793257),Tyler Higbee,28793257,TE/FLEX,4800,LAR@SEA 09/10/2023 04:25PM ET,LAR,8.94,8.321,5.875
QB,Taylor Heinicke (28792215),Taylor Heinicke,28792215,QB,4700,CAR@ATL 09/10/2023 01:00PM ET,ATL,14.11,0,0
RB,Devin Singletary (28792361),Devin Singletary,28792361,RB/FLEX,4700,HOU@BAL 09/10/2023 01:00PM ET,HOU,11.11,6.016,5.29
WR,Nico Collins (28792689),Nico Collins,28792689,WR/FLEX,4700,HOU@BAL 09/10/2023 01:00PM ET,HOU,9.71,8.797,7.21
RB,Chase Brown (28792359),Chase Brown,28792359,RB/FLEX,4700,CIN@CLE 09/10/2023 01:00PM ET,CIN,0,2.445,4.73
TE,Evan Engram (28793259),Evan Engram,28793259,TE/FLEX,4700,JAX@IND 09/10/2023 01:00PM ET,JAX,11.23,9.909,7.445
QB,Will Levis (28792214),Will Levis,28792214,QB,4700,TEN@NO 09/10/2023 01:00PM ET,TEN,0,0,0
QB,Trey Lance (28792213),Trey Lance,28792213,QB,4700,SF@PIT 09/10/2023 01:00PM ET,SF,6.73,0,0
RB,Jordan Mason (28792357),Jordan Mason,28792357,RB/FLEX,4700,SF@PIT 09/10/2023 01:00PM ET,SF,1.74,0.054,0.09
QB,Jarrett Stidham (28792212),Jarrett Stidham,28792212,QB,4700,LV@DEN 09/10/2023 04:25PM ET,DEN,9.93,0,0
QB,Marcus Mariota (28792211),Marcus Mariota,28792211,QB,4700,PHI@NE 09/10/2023 04:25PM ET,PHI,16.04,0,0
WR,Van Jefferson (28792687),Van Jefferson,28792687,WR/FLEX,4700,LAR@SEA 09/10/2023 04:25PM ET,LAR,7.17,8.152,7.75
QB,Joshua Dobbs (28792221),Joshua Dobbs,28792221,QB,4600,ARI@WAS 09/10/2023 01:00PM ET,ARI,12.42,10.25,6.245
QB,Andy Dalton (28792223),Andy Dalton,28792223,QB,4600,CAR@ATL 09/10/2023 01:00PM ET,CAR,13.37,0,0
WR,Adam Thielen (28792693),Adam Thielen,28792693,WR/FLEX,4600,CAR@ATL 09/10/2023 01:00PM ET,CAR,10.44,8.646,6.73
QB,Davis Mills (28792222),Davis Mills,28792222,QB,4600,HOU@BAL 09/10/2023 01:00PM ET,HOU,13.7,0,0
RB,Melvin Gordon III (28792371),Melvin Gordon III,28792371,RB/FLEX,4600,HOU@BAL 09/10/2023 01:00PM ET,BAL,8.91,0,0
TE,Dalton Schultz (28793261),Dalton Schultz,28793261,TE/FLEX,4600,HOU@BAL 09/10/2023 01:00PM ET,HOU,10.94,9.327,6.9
QB,Kyle Trask (28792220),Kyle Trask,28792220,QB,4600,TB@MIN 09/10/2023 01:00PM ET,TB,0.92,0,0
RB,Ty Chandler (28792369),Ty Chandler,28792369,RB/FLEX,4600,TB@MIN 09/10/2023 01:00PM ET,MIN,0.67,3.1,4.225
QB,Sam Darnold (28792218),Sam Darnold,28792218,QB,4600,SF@PIT 09/10/2023 01:00PM ET,SF,15.72,0,0
QB,Mitch Trubisky (28792219),Mitch Trubisky,28792219,QB,4600,SF@PIT 09/10/2023 01:00PM ET,PIT,11.27,0,0
RB,Jaylen Warren (28792367),Jaylen Warren,28792367,RB/FLEX,4600,SF@PIT 09/10/2023 01:00PM ET,PIT,5.83,7.528,5.7
RB,Keaontay Ingram (28792365),Keaontay Ingram,28792365,RB/FLEX,4600,ARI@WAS 09/10/2023 01:00PM ET,ARI,1.51,4.649,5.33
WR,Hunter Renfrow (28792691),Hunter Renfrow,28792691,WR/FLEX,4600,LV@DEN 09/10/2023 04:25PM ET,LV,8,7.271,6.03
QB,Easton Stick (28792216),Easton Stick,28792216,QB,4600,MIA@LAC 09/10/2023 04:25PM ET,LAC,0,0,0
QB,Mike White (28792217),Mike White,28792217,QB,4600,MIA@LAC 09/10/2023 04:25PM ET,MIA,16.9,0,0
RB,Isaiah Spiller (28792363),Isaiah Spiller,28792363,RB/FLEX,4600,MIA@LAC 09/10/2023 04:25PM ET,LAC,1.4,0.563,0.405
RB,Tony Jones Jr. (28792373),Tony Jones Jr.,28792373,RB/FLEX,4500,TEN@NO 09/10/2023 01:00PM ET,NO,1.73,1.008,3.395
TE,Kyle Pitts (28793263),Kyle Pitts,28793263,TE/FLEX,4500,CAR@ATL 09/10/2023 01:00PM ET,ATL,7.56,7.77,7.08
RB,Gus Edwards (28792379),Gus Edwards,28792379,RB/FLEX,4500,HOU@BAL 09/10/2023 01:00PM ET,BAL,6.65,6.383,6.975
WR,Zay Jones (28792697),Zay Jones,28792697,WR/FLEX,4500,JAX@IND 09/10/2023 01:00PM ET,JAX,13.27,9.912,7.935
RB,Corey Clement (28792377),Corey Clement,28792377,RB/FLEX,4500,ARI@WAS 09/10/2023 01:00PM ET,ARI,2.43,0.3,0
RB,Roschon Johnson (28792375),Roschon Johnson,28792375,RB/FLEX,4500,GB@CHI 09/10/2023 04:25PM ET,CHI,0,3.642,4.685
WR,Darnell Mooney (28792695),Darnell Mooney,28792695,WR/FLEX,4500,GB@CHI 09/10/2023 04:25PM ET,CHI,8.46,8.132,8.235
QB,Bailey Zappe (28792224),Bailey Zappe,28792224,QB,4500,PHI@NE 09/10/2023 04:25PM ET,NE,12.16,0.04,0
QB,Nick Mullens (28792225),Nick Mullens,28792225,QB,4400,TB@MIN 09/10/2023 01:00PM ET,MIN,3.19,0,0
RB,Hassan Haskins (28792383),Hassan Haskins,28792383,RB/FLEX,4400,TEN@NO 09/10/2023 01:00PM ET,TEN,1.73,0,0
WR,Romeo Doubs (28792703),Romeo Doubs,28792703,WR/FLEX,4400,GB@CHI 09/10/2023 04:25PM ET,GB,7.89,9.703,7.96
TE,Cole Kmet (28793265),Cole Kmet,28793265,TE/FLEX,4400,GB@CHI 09/10/2023 04:25PM ET,CHI,8.66,6.837,7.16
WR,Quentin Johnston (28792701),Quentin Johnston,28792701,WR/FLEX,4400,MIA@LAC 09/10/2023 04:25PM ET,LAC,0,2.949,3.15
RB,Boston Scott (28792381),Boston Scott,28792381,RB/FLEX,4400,PHI@NE 09/10/2023 04:25PM ET,PHI,3.68,0.362,0.27
WR,Ty Montgomery II (28792699),Ty Montgomery II,28792699,WR/FLEX,4400,PHI@NE 09/10/2023 04:25PM ET,NE,10.3,0,0
RB,Chris Evans (28792389),Chris Evans,28792389,RB/FLEX,4300,CIN@CLE 09/10/2023 01:00PM ET,CIN,1.07,2.552,3.76
WR,Donovan Peoples-Jones (28792707),Donovan Peoples-Jones,28792707,WR/FLEX,4300,CIN@CLE 09/10/2023 01:00PM ET,CLE,10.06,7.359,7.33
RB,Sean Tucker (28792387),Sean Tucker,28792387,RB/FLEX,4300,TB@MIN 09/10/2023 01:00PM ET,TB,0,0,0
WR,K.J. Osborn (28792705),K.J. Osborn,28792705,WR/FLEX,4300,TB@MIN 09/10/2023 01:00PM ET,MIN,9.53,7.709,6.885
RB,Kendre Miller (28792385),Kendre Miller,28792385,RB/FLEX,4300,TEN@NO 09/10/2023 01:00PM ET,NO,0,4.77,2.1
TE,Gerald Everett (28793267),Gerald Everett,28793267,TE/FLEX,4300,MIA@LAC 09/10/2023 04:25PM ET,LAC,9.73,8.184,6.925
RB,Pierre Strong Jr. (28792393),Pierre Strong Jr.,28792393,RB/FLEX,4200,CIN@CLE 09/10/2023 01:00PM ET,CLE,1.81,1.667,3.35
RB,Jerome Ford (28792403),Jerome Ford,28792403,RB/FLEX,4200,CIN@CLE 09/10/2023 01:00PM ET,CLE,0.09,4.687,3.96
TE,David Njoku (28793269),David Njoku,28793269,TE/FLEX,4200,CIN@CLE 09/10/2023 01:00PM ET,CLE,10.21,9.018,7.29
QB,C.J. Beathard (28792227),C.J. Beathard,28792227,QB,4200,JAX@IND 09/10/2023 01:00PM ET,JAX,0,0,0
RB,JaMycal Hasty (28792399),JaMycal Hasty,28792399,RB/FLEX,4200,JAX@IND 09/10/2023 01:00PM ET,JAX,3.96,0.669,3.745
RB,Zack Moss (28792401),Zack Moss,28792401,RB/FLEX,4200,JAX@IND 09/10/2023 01:00PM ET,IND,5.27,5.4,2.5
RB,Ke'Shawn Vaughn (28792395),Ke'Shawn Vaughn,28792395,RB/FLEX,4200,TB@MIN 09/10/2023 01:00PM ET,TB,0.64,1.038,0.03
RB,Chase Edmonds (28792397),Chase Edmonds,28792397,RB/FLEX,4200,TB@MIN 09/10/2023 01:00PM ET,TB,5.71,5.141,5.05
WR,Curtis Samuel (28792709),Curtis Samuel,28792709,WR/FLEX,4200,ARI@WAS 09/10/2023 01:00PM ET,WAS,10.43,9.001,7.145
WR,Rondale Moore (28792711),Rondale Moore,28792711,WR/FLEX,4200,ARI@WAS 09/10/2023 01:00PM ET,ARI,10.99,8.88,6.93
RB,Kenneth Gainwell (28792391),Kenneth Gainwell,28792391,RB/FLEX,4200,PHI@NE 09/10/2023 04:25PM ET,PHI,6.38,5.785,5.785
QB,Drew Lock (28792226),Drew Lock,28792226,QB,4200,LAR@SEA 09/10/2023 04:25PM ET,SEA,0,0,0
WR,Tyler Boyd (28792715),Tyler Boyd,28792715,WR/FLEX,4100,CIN@CLE 09/10/2023 01:00PM ET,CIN,9.9,9.772,7.295
RB,Deon Jackson (28792411),Deon Jackson,28792411,RB/FLEX,4100,JAX@IND 09/10/2023 01:00PM ET,IND,5.34,8.198,6.675
TE,Pat Freiermuth (28793271),Pat Freiermuth,28793271,TE/FLEX,4100,SF@PIT 09/10/2023 01:00PM ET,PIT,9.26,8.612,6.47
RB,Ameer Abdullah (28792409),Ameer Abdullah,28792409,RB/FLEX,4100,LV@DEN 09/10/2023 04:25PM ET,LV,3.18,1.476,2.255
WR,DeVante Parker (28792713),DeVante Parker,28792713,WR/FLEX,4100,PHI@NE 09/10/2023 04:25PM ET,NE,8.15,8.747,7.96
RB,DeeJay Dallas (28792405),DeeJay Dallas,28792405,RB/FLEX,4100,LAR@SEA 09/10/2023 04:25PM ET,SEA,3.03,0.789,0.415
RB,Kyren Williams (28792407),Kyren Williams,28792407,RB/FLEX,4100,LAR@SEA 09/10/2023 04:25PM ET,LAR,3.05,4.145,5.065
QB,Matt Corral (28792266),Matt Corral,28792266,QB,4000,PHI@NE 09/10/2023 04:25PM ET,NE,0,0,0
RB,Larry Rountree III (28792429),Larry Rountree III,28792429,RB/FLEX,4000,HOU@BAL 09/10/2023 01:00PM ET,HOU,1.06,0,0
RB,Zander Horvath (28792435),Zander Horvath,28792435,RB/FLEX,4000,SF@PIT 09/10/2023 01:00PM ET,PIT,1.16,0.18,0
RB,Qadree Ollison (28792541),Qadree Ollison,28792541,RB/FLEX,4000,SF@PIT 09/10/2023 01:00PM ET,PIT,0,0,0
RB,Demetric Felton (28792549),Demetric Felton,28792549,RB/FLEX,4000,CIN@CLE 09/10/2023 01:00PM ET,CIN,0.3,0.12,0
QB,Logan Woodside (28792267),Logan Woodside,28792267,QB,4000,CAR@ATL 09/10/2023 01:00PM ET,ATL,0,0,0
QB,Austin Aune (28792268),Austin Aune,28792268,QB,4000,CAR@ATL 09/10/2023 01:00PM ET,ATL,0,0,0
RB,Raheem Blackshear (28792585),Raheem Blackshear,28792585,RB/FLEX,4000,CAR@ATL 09/10/2023 01:00PM ET,CAR,3.38,1.645,2.945
RB,Spencer Brown (28792587),Spencer Brown,28792587,RB/FLEX,4000,CAR@ATL 09/10/2023 01:00PM ET,CAR,3.65,0,0
RB,Camerun Peoples (28792589),Camerun Peoples,28792589,RB/FLEX,4000,CAR@ATL 09/10/2023 01:00PM ET,CAR,0,0,0
RB,Tiyon Evans (28792591),Tiyon Evans,28792591,RB/FLEX,4000,CAR@ATL 09/10/2023 01:00PM ET,CAR,0,0,0
RB,Carlos Washington Jr. (28792593),Carlos Washington Jr.,28792593,RB/FLEX,4000,CAR@ATL 09/10/2023 01:00PM ET,ATL,0,0,0
RB,Avery Williams (28792595),Avery Williams,28792595,RB/FLEX,4000,CAR@ATL 09/10/2023 01:00PM ET,ATL,2.06,0.2,0
RB,Clint Ratkovich (28792597),Clint Ratkovich,28792597,RB/FLEX,4000,CAR@ATL 09/10/2023 01:00PM ET,ATL,0,0,0
RB,B.J. Baylor (28792599),B.J. Baylor,28792599,RB/FLEX,4000,CAR@ATL 09/10/2023 01:00PM ET,ATL,0,0,0
RB,Keith Smith (28792601),Keith Smith,28792601,RB/FLEX,4000,CAR@ATL 09/10/2023 01:00PM ET,ATL,0.12,0.06,0
QB,Jake Luton (29001014),Jake Luton,29001014,QB,4000,CAR@ATL 09/10/2023 01:00PM ET,CAR,0,0,0
RB,Godwin Igwebuike (29001018),Godwin Igwebuike,29001018,RB/FLEX,4000,CAR@ATL 09/10/2023 01:00PM ET,ATL,0.28,0,0
QB,Josh Johnson (28792263),Josh Johnson,28792263,QB,4000,HOU@BAL 09/10/2023 01:00PM ET,BAL,0.95,0,0
QB,Anthony Brown (28792264),Anthony Brown,28792264,QB,4000,HOU@BAL 09/10/2023 01:00PM ET,BAL,4.29,0,0
QB,Case Keenum (28792265),Case Keenum,28792265,QB,4000,HOU@BAL 09/10/2023 01:00PM ET,HOU,0.16,0,0
RB,Justice Hill (28792563),Justice Hill,28792563,RB/FLEX,4000,HOU@BAL 09/10/2023 01:00PM ET,BAL,2.88,1.356,2.7
RB,Keaton Mitchell (28792565),Keaton Mitchell,28792565,RB/FLEX,4000,HOU@BAL 09/10/2023 01:00PM ET,BAL,0,0,0
RB,Owen Wright (28792567),Owen Wright,28792567,RB/FLEX,4000,HOU@BAL 09/10/2023 01:00PM ET,BAL,0,0,0
RB,Patrick Ricard (28792569),Patrick Ricard,28792569,RB/FLEX,4000,HOU@BAL 09/10/2023 01:00PM ET,BAL,1.11,0.26,0
RB,Ben Mason (28792571),Ben Mason,28792571,RB/FLEX,4000,HOU@BAL 09/10/2023 01:00PM ET,BAL,0,0,0
RB,Mike Boone (28792573),Mike Boone,28792573,RB/FLEX,4000,HOU@BAL 09/10/2023 01:00PM ET,HOU,3.2,0.699,2.205
RB,Dare Ogunbowale (28792575),Dare Ogunbowale,28792575,RB/FLEX,4000,HOU@BAL 09/10/2023 01:00PM ET,HOU,2.86,0,0
RB,Gerrid Doaks (28792577),Gerrid Doaks,28792577,RB/FLEX,4000,HOU@BAL 09/10/2023 01:00PM ET,HOU,0,0,0
RB,Troy Hairston (28792581),Troy Hairston,28792581,RB/FLEX,4000,HOU@BAL 09/10/2023 01:00PM ET,HOU,0.43,0,0
RB,Andrew Beck (28792583),Andrew Beck,28792583,RB/FLEX,4000,HOU@BAL 09/10/2023 01:00PM ET,HOU,0.92,0,0
WR,Zay Flowers (28792719),Zay Flowers,28792719,WR/FLEX,4000,HOU@BAL 09/10/2023 01:00PM ET,BAL,0,7.081,6.405
DST,Ravens  (28793575),Ravens ,28793575,DST,4000,HOU@BAL 09/10/2023 01:00PM ET,BAL,7.83,8.481,5.61
QB,E.J. Perry (29001013),E.J. Perry,29001013,QB,4000,HOU@BAL 09/10/2023 01:00PM ET,HOU,0,0,0
QB,Dorian Thompson-Robinson (28792260),Dorian Thompson-Robinson,28792260,QB,4000,CIN@CLE 09/10/2023 01:00PM ET,CLE,0,0,0
QB,Kellen Mond (28792261),Kellen Mond,28792261,QB,4000,CIN@CLE 09/10/2023 01:00PM ET,CLE,0,0,0
QB,Jake Browning (28792262),Jake Browning,28792262,QB,4000,CIN@CLE 09/10/2023 01:00PM ET,CIN,0,0,0
RB,John Kelly Jr. (28792551),John Kelly Jr.,28792551,RB/FLEX,4000,CIN@CLE 09/10/2023 01:00PM ET,CLE,0,0,0
RB,Hassan Hall (28792555),Hassan Hall,28792555,RB/FLEX,4000,CIN@CLE 09/10/2023 01:00PM ET,CLE,0,0,0
RB,Trayveon Williams (28792557),Trayveon Williams,28792557,RB/FLEX,4000,CIN@CLE 09/10/2023 01:00PM ET,CIN,0.73,1.413,0.255
RB,Jacob Saylors (28792559),Jacob Saylors,28792559,RB/FLEX,4000,CIN@CLE 09/10/2023 01:00PM ET,CIN,0,0,0
RB,Calvin Tyler Jr. (28792561),Calvin Tyler Jr.,28792561,RB/FLEX,4000,CIN@CLE 09/10/2023 01:00PM ET,CIN,0,0,0
QB,Reid Sinnett (29001012),Reid Sinnett,29001012,QB,4000,CIN@CLE 09/10/2023 01:00PM ET,CIN,0,0,0
RB,Jordan Wilkins (29001044),Jordan Wilkins,29001044,RB/FLEX,4000,CIN@CLE 09/10/2023 01:00PM ET,CLE,3.68,0,0
QB,Nathan Rourke (28792258),Nathan Rourke,28792258,QB,4000,JAX@IND 09/10/2023 01:00PM ET,JAX,0,0,0
QB,Sam Ehlinger (28792259),Sam Ehlinger,28792259,QB,4000,JAX@IND 09/10/2023 01:00PM ET,IND,9.9,0,0
RB,Jason Huntley (28792505),Jason Huntley,28792505,RB/FLEX,4000,JAX@IND 09/10/2023 01:00PM ET,IND,0,0,0
RB,D'Ernest Johnson (28792537),D'Ernest Johnson,28792537,RB/FLEX,4000,JAX@IND 09/10/2023 01:00PM ET,JAX,0.36,0.312,4.12
RB,Snoop Conner (28792539),Snoop Conner,28792539,RB/FLEX,4000,JAX@IND 09/10/2023 01:00PM ET,JAX,1.13,0,0
RB,Derek Parish (28792543),Derek Parish,28792543,RB/FLEX,4000,JAX@IND 09/10/2023 01:00PM ET,JAX,0,0,0
RB,Evan Hull (28792545),Evan Hull,28792545,RB/FLEX,4000,JAX@IND 09/10/2023 01:00PM ET,IND,0,2.695,3.56
RB,Jake Funk (28792547),Jake Funk,28792547,RB/FLEX,4000,JAX@IND 09/10/2023 01:00PM ET,IND,0,0.384,2.315
RB,Kenyan Drake (29001020),Kenyan Drake,29001020,RB/FLEX,4000,JAX@IND 09/10/2023 01:00PM ET,IND,8.92,0,0
QB,John Wolford (28792256),John Wolford,28792256,QB,4000,TB@MIN 09/10/2023 01:00PM ET,TB,6.27,0,0
QB,Jaren Hall (28792257),Jaren Hall,28792257,QB,4000,TB@MIN 09/10/2023 01:00PM ET,MIN,0,0,0
RB,Myles Gaskin (28792437),Myles Gaskin,28792437,RB/FLEX,4000,TB@MIN 09/10/2023 01:00PM ET,MIN,2.35,2.457,1.895
RB,Patrick Laird (28792525),Patrick Laird,28792525,RB/FLEX,4000,TB@MIN 09/10/2023 01:00PM ET,TB,0,0,0
RB,Ronnie Brown (28792527),Ronnie Brown,28792527,RB/FLEX,4000,TB@MIN 09/10/2023 01:00PM ET,TB,0,0,0
RB,Kene Nwangwu (28792529),Kene Nwangwu,28792529,RB/FLEX,4000,TB@MIN 09/10/2023 01:00PM ET,MIN,0.64,0.16,0
RB,DeWayne McBride (28792531),DeWayne McBride,28792531,RB/FLEX,4000,TB@MIN 09/10/2023 01:00PM ET,MIN,0,0,0
RB,Zach Ojile (28792533),Zach Ojile,28792533,RB/FLEX,4000,TB@MIN 09/10/2023 01:00PM ET,MIN,0,0,0
RB,C.J. Ham (28792535),C.J. Ham,28792535,RB/FLEX,4000,TB@MIN 09/10/2023 01:00PM ET,MIN,1.74,0.3,0
RB,Abram Smith (29001042),Abram Smith,29001042,RB/FLEX,4000,TB@MIN 09/10/2023 01:00PM ET,MIN,0,0,0
QB,Jordan Ta'amu (29095807),Jordan Ta'amu,29095807,QB,4000,TB@MIN 09/10/2023 01:00PM ET,MIN,0,0,0
RB,Aaron Dykes (29095816),Aaron Dykes,29095816,RB/FLEX,4000,TB@MIN 09/10/2023 01:00PM ET,MIN,0,0,0
QB,Jake Haener (28792254),Jake Haener,28792254,QB,4000,TEN@NO 09/10/2023 01:00PM ET,NO,0,0,0
QB,Malik Willis (28792255),Malik Willis,28792255,QB,4000,TEN@NO 09/10/2023 01:00PM ET,TEN,3.04,0,0
RB,Eno Benjamin (28792513),Eno Benjamin,28792513,RB/FLEX,4000,TEN@NO 09/10/2023 01:00PM ET,NO,5.97,0,0
RB,Ellis Merriweather (28792515),Ellis Merriweather,28792515,RB/FLEX,4000,TEN@NO 09/10/2023 01:00PM ET,NO,0,0,0
RB,Jake Bargas (28792517),Jake Bargas,28792517,RB/FLEX,4000,TEN@NO 09/10/2023 01:00PM ET,NO,0,0,0
RB,Adam Prentice (28792519),Adam Prentice,28792519,RB/FLEX,4000,TEN@NO 09/10/2023 01:00PM ET,NO,0.44,0,0
RB,Julius Chestnut (28792521),Julius Chestnut,28792521,RB/FLEX,4000,TEN@NO 09/10/2023 01:00PM ET,TEN,1.38,0.405,0.675
RB,Jonathan Ward (28792523),Jonathan Ward,28792523,RB/FLEX,4000,TEN@NO 09/10/2023 01:00PM ET,TEN,0.65,0,0
RB,Darrel Williams (29095812),Darrel Williams,29095812,RB/FLEX,4000,TEN@NO 09/10/2023 01:00PM ET,NO,3.52,0,0
RB,Jacques Patrick (29095814),Jacques Patrick,29095814,RB/FLEX,4000,TEN@NO 09/10/2023 01:00PM ET,TEN,0,0,0
QB,Brandon Allen (28792251),Brandon Allen,28792251,QB,4000,SF@PIT 09/10/2023 01:00PM ET,SF,0.78,0,0
QB,Mason Rudolph (28792252),Mason Rudolph,28792252,QB,4000,SF@PIT 09/10/2023 01:00PM ET,PIT,0,0,0
QB,Tanner Morgan (28792253),Tanner Morgan,28792253,QB,4000,SF@PIT 09/10/2023 01:00PM ET,PIT,0,0,0
RB,Tyrion Davis-Price (28792493),Tyrion Davis-Price,28792493,RB/FLEX,4000,SF@PIT 09/10/2023 01:00PM ET,SF,1.65,0.12,0.2
RB,Ronald Awatt (28792495),Ronald Awatt,28792495,RB/FLEX,4000,SF@PIT 09/10/2023 01:00PM ET,SF,0,0,0
RB,Khalan Laborn (28792497),Khalan Laborn,28792497,RB/FLEX,4000,SF@PIT 09/10/2023 01:00PM ET,SF,0,0,0
RB,Jack Colletto (28792499),Jack Colletto,28792499,RB/FLEX,4000,SF@PIT 09/10/2023 01:00PM ET,SF,0,0,0
RB,Kyle Juszczyk (28792501),Kyle Juszczyk,28792501,RB/FLEX,4000,SF@PIT 09/10/2023 01:00PM ET,SF,2.95,0.58,0
RB,Anthony McFarland Jr. (28792503),Anthony McFarland Jr.,28792503,RB/FLEX,4000,SF@PIT 09/10/2023 01:00PM ET,PIT,6.1,0.357,3.52
RB,Alfonzo Graham (28792507),Alfonzo Graham,28792507,RB/FLEX,4000,SF@PIT 09/10/2023 01:00PM ET,PIT,0,0,0
RB,Darius Hagans (28792509),Darius Hagans,28792509,RB/FLEX,4000,SF@PIT 09/10/2023 01:00PM ET,PIT,0,0,0
RB,Monte Pottebaum (28792511),Monte Pottebaum,28792511,RB/FLEX,4000,SF@PIT 09/10/2023 01:00PM ET,PIT,0,0,0
RB,Xazavian Valladay (28792579),Xazavian Valladay,28792579,RB/FLEX,4000,SF@PIT 09/10/2023 01:00PM ET,PIT,0,0,0
RB,Jeremy McNichols (29001036),Jeremy McNichols,29001036,RB/FLEX,4000,SF@PIT 09/10/2023 01:00PM ET,SF,0,0,0
RB,Greg Bell (29001038),Greg Bell,29001038,RB/FLEX,4000,SF@PIT 09/10/2023 01:00PM ET,PIT,0,0,0
RB,John Lovett (29001040),John Lovett,29001040,RB/FLEX,4000,SF@PIT 09/10/2023 01:00PM ET,PIT,0,0,0
RB,Brian Hill (29248791),Brian Hill,29248791,RB/FLEX,4000,SF@PIT 09/10/2023 01:00PM ET,SF,0,0,0
QB,Jake Fromm (28792247),Jake Fromm,28792247,QB,4000,ARI@WAS 09/10/2023 01:00PM ET,WAS,0,0,0
QB,Clayton Tune (28792248),Clayton Tune,28792248,QB,4000,ARI@WAS 09/10/2023 01:00PM ET,ARI,0,0,0
QB,David Blough (28792249),David Blough,28792249,QB,4000,ARI@WAS 09/10/2023 01:00PM ET,ARI,10.79,0,0
QB,Jeff Driskel (28792250),Jeff Driskel,28792250,QB,4000,ARI@WAS 09/10/2023 01:00PM ET,ARI,2.46,0,0
RB,Chris Rodriguez Jr. (28792481),Chris Rodriguez Jr.,28792481,RB/FLEX,4000,ARI@WAS 09/10/2023 01:00PM ET,WAS,0,0.435,3.65
RB,Jonathan Williams (28792483),Jonathan Williams,28792483,RB/FLEX,4000,ARI@WAS 09/10/2023 01:00PM ET,WAS,2.02,0,0
RB,Jaret Patterson (28792485),Jaret Patterson,28792485,RB/FLEX,4000,ARI@WAS 09/10/2023 01:00PM ET,WAS,2.6,0,0
RB,Alex Armah (28792487),Alex Armah,28792487,RB/FLEX,4000,ARI@WAS 09/10/2023 01:00PM ET,WAS,0,0,0
RB,Ty'Son Williams (28792489),Ty'Son Williams,28792489,RB/FLEX,4000,ARI@WAS 09/10/2023 01:00PM ET,ARI,1.5,0,0
RB,Emari Demercado (28792491),Emari Demercado,28792491,RB/FLEX,4000,ARI@WAS 09/10/2023 01:00PM ET,ARI,0,0.507,2.045
RB,Derrick Gore (29001032),Derrick Gore,29001032,RB/FLEX,4000,ARI@WAS 09/10/2023 01:00PM ET,WAS,0,0,0
RB,Stevie Scott (29001034),Stevie Scott,29001034,RB/FLEX,4000,ARI@WAS 09/10/2023 01:00PM ET,ARI,0,0,0
RB,Marlon Mack (29001046),Marlon Mack,29001046,RB/FLEX,4000,ARI@WAS 09/10/2023 01:00PM ET,ARI,4.79,0,0
QB,Sean Clifford (28792242),Sean Clifford,28792242,QB,4000,GB@CHI 09/10/2023 04:25PM ET,GB,0,0.2,0
QB,Danny Etling (28792243),Danny Etling,28792243,QB,4000,GB@CHI 09/10/2023 04:25PM ET,GB,0,0,0
QB,Alex McGough (28792244),Alex McGough,28792244,QB,4000,GB@CHI 09/10/2023 04:25PM ET,GB,0,0,0
QB,Nathan Peterman (28792245),Nathan Peterman,28792245,QB,4000,GB@CHI 09/10/2023 04:25PM ET,CHI,3.09,0,0
QB,Tyson Bagent (28792246),Tyson Bagent,28792246,QB,4000,GB@CHI 09/10/2023 04:25PM ET,CHI,0,0,0
RB,Patrick Taylor (28792463),Patrick Taylor,28792463,RB/FLEX,4000,GB@CHI 09/10/2023 04:25PM ET,GB,0.41,0,0
RB,Lew Nichols III (28792465),Lew Nichols III,28792465,RB/FLEX,4000,GB@CHI 09/10/2023 04:25PM ET,GB,0,0,0
RB,Tyler Goodson (28792467),Tyler Goodson,28792467,RB/FLEX,4000,GB@CHI 09/10/2023 04:25PM ET,GB,0,0,0
RB,Emanuel Wilson (28792469),Emanuel Wilson,28792469,RB/FLEX,4000,GB@CHI 09/10/2023 04:25PM ET,GB,0,0,0
RB,Henry Pearson (28792471),Henry Pearson,28792471,RB/FLEX,4000,GB@CHI 09/10/2023 04:25PM ET,GB,0,0,0
RB,Travis Homer (28792473),Travis Homer,28792473,RB/FLEX,4000,GB@CHI 09/10/2023 04:25PM ET,CHI,4.41,0.15,0.05
RB,Trestan Ebner (28792475),Trestan Ebner,28792475,RB/FLEX,4000,GB@CHI 09/10/2023 04:25PM ET,CHI,0.42,0,0
RB,Khari Blasingame (28792477),Khari Blasingame,28792477,RB/FLEX,4000,GB@CHI 09/10/2023 04:25PM ET,CHI,0,0,0
RB,Robert Burns (28792479),Robert Burns,28792479,RB/FLEX,4000,GB@CHI 09/10/2023 04:25PM ET,CHI,0,0,0
RB,Nate McCrary (28792553),Nate McCrary,28792553,RB/FLEX,4000,GB@CHI 09/10/2023 04:25PM ET,GB,0,0,0
QB,Brian Hoyer (28792239),Brian Hoyer,28792239,QB,4000,LV@DEN 09/10/2023 04:25PM ET,LV,1.48,0,0
QB,Aidan O'Connell (28792240),Aidan O'Connell,28792240,QB,4000,LV@DEN 09/10/2023 04:25PM ET,LV,0,0,0
QB,Ben DiNucci (28792241),Ben DiNucci,28792241,QB,4000,LV@DEN 09/10/2023 04:25PM ET,DEN,0,0,0
RB,Brandon Bolden (28792447),Brandon Bolden,28792447,RB/FLEX,4000,LV@DEN 09/10/2023 04:25PM ET,LV,1.71,0.669,4.5
RB,Brittain Brown (28792449),Brittain Brown,28792449,RB/FLEX,4000,LV@DEN 09/10/2023 04:25PM ET,LV,0,0,0
RB,Austin Walter (28792451),Austin Walter,28792451,RB/FLEX,4000,LV@DEN 09/10/2023 04:25PM ET,LV,0,0,0
RB,Sincere McCormick (28792453),Sincere McCormick,28792453,RB/FLEX,4000,LV@DEN 09/10/2023 04:25PM ET,LV,0,0,0
RB,Jakob Johnson (28792455),Jakob Johnson,28792455,RB/FLEX,4000,LV@DEN 09/10/2023 04:25PM ET,LV,0.35,0.08,0
RB,Tyler Badie (28792457),Tyler Badie,28792457,RB/FLEX,4000,LV@DEN 09/10/2023 04:25PM ET,DEN,9.4,0,0
RB,Jaleel McLaughlin (28792459),Jaleel McLaughlin,28792459,RB/FLEX,4000,LV@DEN 09/10/2023 04:25PM ET,DEN,0,0.564,2.365
RB,Michael Burton (28792461),Michael Burton,28792461,RB/FLEX,4000,LV@DEN 09/10/2023 04:25PM ET,DEN,0.19,0,0
TE,Greg Dulcich (28793273),Greg Dulcich,28793273,TE/FLEX,4000,LV@DEN 09/10/2023 04:25PM ET,DEN,8.61,6.972,6.88
QB,Chase Garbers (29001015),Chase Garbers,29001015,QB,4000,LV@DEN 09/10/2023 04:25PM ET,LV,0,0,0
RB,Damien Williams (29001028),Damien Williams,29001028,RB/FLEX,4000,LV@DEN 09/10/2023 04:25PM ET,LV,0.2,0,0
RB,Darwin Thompson (29001030),Darwin Thompson,29001030,RB/FLEX,4000,LV@DEN 09/10/2023 04:25PM ET,LV,0,0,0
RB,Dwayne Washington (29095810),Dwayne Washington,29095810,RB/FLEX,4000,LV@DEN 09/10/2023 04:25PM ET,DEN,0.46,0,0
QB,Max Duggan (28792236),Max Duggan,28792236,QB,4000,MIA@LAC 09/10/2023 04:25PM ET,LAC,0,0,0
QB,Skylar Thompson (28792237),Skylar Thompson,28792237,QB,4000,MIA@LAC 09/10/2023 04:25PM ET,MIA,4.44,0,0
QB,James Blackman (28792238),James Blackman,28792238,QB,4000,MIA@LAC 09/10/2023 04:25PM ET,MIA,0,0,0
RB,Elijah Dotson (28792431),Elijah Dotson,28792431,RB/FLEX,4000,MIA@LAC 09/10/2023 04:25PM ET,LAC,0,0,0
RB,Tyler Hoosman (28792433),Tyler Hoosman,28792433,RB/FLEX,4000,MIA@LAC 09/10/2023 04:25PM ET,LAC,0,0,0
RB,Salvon Ahmed (28792439),Salvon Ahmed,28792439,RB/FLEX,4000,MIA@LAC 09/10/2023 04:25PM ET,MIA,1.69,2.119,1.815
RB,Chris Brooks (28792441),Chris Brooks,28792441,RB/FLEX,4000,MIA@LAC 09/10/2023 04:25PM ET,MIA,0,0,0
RB,Alec Ingold (28792443),Alec Ingold,28792443,RB/FLEX,4000,MIA@LAC 09/10/2023 04:25PM ET,MIA,2.13,0.36,0
RB,John Lovett (28792445),John Lovett,28792445,RB/FLEX,4000,MIA@LAC 09/10/2023 04:25PM ET,MIA,0,0,0
WR,Joshua Palmer (28792717),Joshua Palmer,28792717,WR/FLEX,4000,MIA@LAC 09/10/2023 04:25PM ET,LAC,10.61,4.256,5.35
RB,Aaron Shampklin (29095808),Aaron Shampklin,29095808,RB/FLEX,4000,MIA@LAC 09/10/2023 04:25PM ET,LAC,0,0,0
QB,Ian Book (28792232),Ian Book,28792232,QB,4000,PHI@NE 09/10/2023 04:25PM ET,PHI,0,0,0
QB,Tanner McKee (28792233),Tanner McKee,28792233,QB,4000,PHI@NE 09/10/2023 04:25PM ET,PHI,0,0,0
QB,Trace McSorley (28792234),Trace McSorley,28792234,QB,4000,PHI@NE 09/10/2023 04:25PM ET,NE,2.6,0,0
QB,Malik Cunningham (28792235),Malik Cunningham,28792235,QB,4000,PHI@NE 09/10/2023 04:25PM ET,NE,0,0,0
RB,Trey Sermon (28792421),Trey Sermon,28792421,RB/FLEX,4000,PHI@NE 09/10/2023 04:25PM ET,PHI,0.95,0,0
RB,Kennedy Brooks (28792423),Kennedy Brooks,28792423,RB/FLEX,4000,PHI@NE 09/10/2023 04:25PM ET,PHI,0,0,0
RB,Kevin Harris (28792425),Kevin Harris,28792425,RB/FLEX,4000,PHI@NE 09/10/2023 04:25PM ET,NE,2.24,0,0
RB,J.J. Taylor (28792427),J.J. Taylor,28792427,RB/FLEX,4000,PHI@NE 09/10/2023 04:25PM ET,NE,2.7,0,0
RB,CJ Marable (29001026),CJ Marable,29001026,RB/FLEX,4000,PHI@NE 09/10/2023 04:25PM ET,NE,0,0,0
QB,Holton Ahlers (28792228),Holton Ahlers,28792228,QB,4000,LAR@SEA 09/10/2023 04:25PM ET,SEA,0,0,0
QB,Brett Rypien (28792229),Brett Rypien,28792229,QB,4000,LAR@SEA 09/10/2023 04:25PM ET,LAR,5.76,0,0
QB,Stetson Bennett (28792230),Stetson Bennett,28792230,QB,4000,LAR@SEA 09/10/2023 04:25PM ET,LAR,0,0,0
QB,Dresser Winn (28792231),Dresser Winn,28792231,QB,4000,LAR@SEA 09/10/2023 04:25PM ET,LAR,0,0,0
RB,Kenny McIntosh (28792413),Kenny McIntosh,28792413,RB/FLEX,4000,LAR@SEA 09/10/2023 04:25PM ET,SEA,0,0,0
RB,Bryant Koback (28792415),Bryant Koback,28792415,RB/FLEX,4000,LAR@SEA 09/10/2023 04:25PM ET,SEA,0,0,0
RB,Zach Evans (28792417),Zach Evans,28792417,RB/FLEX,4000,LAR@SEA 09/10/2023 04:25PM ET,LAR,0,0,0
RB,Ronnie Rivers (28792419),Ronnie Rivers,28792419,RB/FLEX,4000,LAR@SEA 09/10/2023 04:25PM ET,LAR,1.25,0.305,0.275
RB,Royce Freeman (29001016),Royce Freeman,29001016,RB/FLEX,4000,LAR@SEA 09/10/2023 04:25PM ET,LAR,5,0,0
RB,SaRodorick Thompson Jr. (29001022),SaRodorick Thompson Jr.,29001022,RB/FLEX,4000,LAR@SEA 09/10/2023 04:25PM ET,SEA,0,0,0
RB,Wayne Taulapapa (29001024),Wayne Taulapapa,29001024,RB/FLEX,4000,LAR@SEA 09/10/2023 04:25PM ET,SEA,0,0,0
WR,DJ Chark Jr. (28792721),DJ Chark Jr.,28792721,WR/FLEX,3900,CAR@ATL 09/10/2023 01:00PM ET,CAR,9.2,4.369,4.82
WR,Mack Hollins (28792723),Mack Hollins,28792723,WR/FLEX,3900,CAR@ATL 09/10/2023 01:00PM ET,ATL,9.24,6.435,6.565
DST,Vikings  (28793576),Vikings ,28793576,DST,3900,TB@MIN 09/10/2023 01:00PM ET,MIN,5.94,6.805,5.265
TE,Juwan Johnson (28793275),Juwan Johnson,28793275,TE/FLEX,3900,TEN@NO 09/10/2023 01:00PM ET,NO,8.42,6.202,6.11
WR,Elijah Moore (28792727),Elijah Moore,28792727,WR/FLEX,3800,CIN@CLE 09/10/2023 01:00PM ET,CLE,5.51,8.341,7.655
WR,Alec Pierce (28792725),Alec Pierce,28792725,WR/FLEX,3800,JAX@IND 09/10/2023 01:00PM ET,IND,7.02,7.047,8.395
TE,Chig Okonkwo (28793277),Chig Okonkwo,28793277,TE/FLEX,3800,TEN@NO 09/10/2023 01:00PM ET,TEN,5.72,4.394,4.02
DST,49ers  (28793577),49ers ,28793577,DST,3800,SF@PIT 09/10/2023 01:00PM ET,SF,8.95,7.182,5.095
WR,Rashid Shaheed (28792731),Rashid Shaheed,28792731,WR/FLEX,3700,TEN@NO 09/10/2023 01:00PM ET,NO,8.38,7.157,6.59
TE,Taysom Hill (28793279),Taysom Hill,28793279,TE/FLEX,3700,TEN@NO 09/10/2023 01:00PM ET,NO,9.3,2.884,3.49
WR,Allen Robinson II (28792729),Allen Robinson II,28792729,WR/FLEX,3700,SF@PIT 09/10/2023 01:00PM ET,PIT,8.49,5.691,6.21
DST,Eagles  (28793578),Eagles ,28793578,DST,3700,PHI@NE 09/10/2023 04:25PM ET,PHI,8.85,8.081,5.98
WR,John Metchie III (28792735),John Metchie III,28792735,WR/FLEX,3600,HOU@BAL 09/10/2023 01:00PM ET,HOU,0,1.182,2.735
TE,Irv Smith Jr. (28793281),Irv Smith Jr.,28793281,TE/FLEX,3600,CIN@CLE 09/10/2023 01:00PM ET,CIN,6.94,7.851,6.705
WR,Russell Gage (28792733),Russell Gage,28792733,WR/FLEX,3600,TB@MIN 09/10/2023 01:00PM ET,TB,9.11,0,0
DST,Broncos  (28793579),Broncos ,28793579,DST,3600,LV@DEN 09/10/2023 04:25PM ET,DEN,6,6.544,5.615
DST,Jaguars  (28793580),Jaguars ,28793580,DST,3500,JAX@IND 09/10/2023 01:00PM ET,JAX,7.42,7.294,5.77
WR,Greg Dortch (28792737),Greg Dortch,28792737,WR/FLEX,3500,ARI@WAS 09/10/2023 01:00PM ET,ARI,7.32,3.383,5.185
TE,Hunter Henry (28793283),Hunter Henry,28793283,TE/FLEX,3500,PHI@NE 09/10/2023 04:25PM ET,NE,6.11,5.532,5.775
WR,Terrace Marshall Jr. (28792745),Terrace Marshall Jr.,28792745,WR/FLEX,3400,CAR@ATL 09/10/2023 01:00PM ET,CAR,5.93,2.445,3.55
DST,Saints  (28793581),Saints ,28793581,DST,3400,TEN@NO 09/10/2023 01:00PM ET,NO,6.59,3.349,2.955
TE,Zach Ertz (28793285),Zach Ertz,28793285,TE/FLEX,3400,ARI@WAS 09/10/2023 01:00PM ET,ARI,11.56,5.251,5.765
WR,Chase Claypool (28792743),Chase Claypool,28792743,WR/FLEX,3400,GB@CHI 09/10/2023 04:25PM ET,CHI,7.07,4.164,6.565
WR,Tim Patrick (28792741),Tim Patrick,28792741,WR/FLEX,3400,LV@DEN 09/10/2023 04:25PM ET,DEN,0,0,0
WR,Quez Watkins (28792739),Quez Watkins,28792739,WR/FLEX,3400,PHI@NE 09/10/2023 04:25PM ET,PHI,4.36,4.699,6.125
TE,Cade Otton (28793287),Cade Otton,28793287,TE/FLEX,3300,TB@MIN 09/10/2023 01:00PM ET,TB,6.05,6.493,6.36
WR,Jauan Jennings (28792753),Jauan Jennings,28792753,WR/FLEX,3300,SF@PIT 09/10/2023 01:00PM ET,SF,4.91,5.025,5.63
WR,DeAndre Carter (28792751),DeAndre Carter,28792751,WR/FLEX,3300,LV@DEN 09/10/2023 04:25PM ET,LV,6.56,0.927,2.245
WR,Robbie Chosen (28792749),Robbie Chosen,28792749,WR/FLEX,3300,MIA@LAC 09/10/2023 04:25PM ET,MIA,3.51,0,0
WR,Kendrick Bourne (28792747),Kendrick Bourne,28792747,WR/FLEX,3300,PHI@NE 09/10/2023 04:25PM ET,NE,5.71,8.408,7.525
DST,Seahawks  (28793582),Seahawks ,28793582,DST,3300,LAR@SEA 09/10/2023 04:25PM ET,SEA,6.17,7.407,5.285
WR,Jonathan Mingo (28792765),Jonathan Mingo,28792765,WR/FLEX,3200,CAR@ATL 09/10/2023 01:00PM ET,CAR,0,6.239,5.605
DST,Falcons  (28793583),Falcons ,28793583,DST,3200,CAR@ATL 09/10/2023 01:00PM ET,ATL,5.24,6.898,5.075
WR,Cedric Tillman (28792763),Cedric Tillman,28792763,WR/FLEX,3200,CIN@CLE 09/10/2023 01:00PM ET,CLE,0,0.898,0.83
WR,Isaiah McKenzie (28792761),Isaiah McKenzie,28792761,WR/FLEX,3200,JAX@IND 09/10/2023 01:00PM ET,IND,7.68,3.733,5.06
TE,Jelani Woods (28793291),Jelani Woods,28793291,TE/FLEX,3200,JAX@IND 09/10/2023 01:00PM ET,IND,4.95,1.06,0
WR,Tre'Quan Smith (28792757),Tre'Quan Smith,28792757,WR/FLEX,3200,TEN@NO 09/10/2023 01:00PM ET,NO,3.72,0.44,0
WR,Nick Westbrook-Ikhine (28792759),Nick Westbrook-Ikhine,28792759,WR/FLEX,3200,TEN@NO 09/10/2023 01:00PM ET,TEN,5.04,4.93,5.62
TE,Logan Thomas (28793289),Logan Thomas,28793289,TE/FLEX,3200,ARI@WAS 09/10/2023 01:00PM ET,WAS,5.52,5.946,5.755
TE,Mike Gesicki (28793293),Mike Gesicki,28793293,TE/FLEX,3200,PHI@NE 09/10/2023 04:25PM ET,NE,5.98,5.414,5.785
WR,Ben Skowronek (28792755),Ben Skowronek,28792755,WR/FLEX,3200,LAR@SEA 09/10/2023 04:25PM ET,LAR,6.02,3.736,5.26
WR,Marquez Callaway (28792769),Marquez Callaway,28792769,WR/FLEX,3100,LV@DEN 09/10/2023 04:25PM ET,LV,2.7,0.62,0
WR,Laviska Shenault Jr. (28792775),Laviska Shenault Jr.,28792775,WR/FLEX,3100,CAR@ATL 09/10/2023 01:00PM ET,CAR,5.59,3.533,4.295
WR,Scotty Miller (28792777),Scotty Miller,28792777,WR/FLEX,3100,CAR@ATL 09/10/2023 01:00PM ET,ATL,2.64,0.69,1.15
WR,Devin Duvernay (28792773),Devin Duvernay,28792773,WR/FLEX,3100,HOU@BAL 09/10/2023 01:00PM ET,BAL,8.29,0.739,0.265
WR,Josh Downs (28792771),Josh Downs,28792771,WR/FLEX,3100,JAX@IND 09/10/2023 01:00PM ET,IND,0,5.943,6.05
TE,Trey McBride (28793299),Trey McBride,28793299,TE/FLEX,3100,ARI@WAS 09/10/2023 01:00PM ET,ARI,3.84,3.239,4.705
TE,Robert Tonyan (28793297),Robert Tonyan,28793297,TE/FLEX,3100,GB@CHI 09/10/2023 04:25PM ET,CHI,6.59,1.34,3.33
WR,KJ Hamler (28792767),KJ Hamler,28792767,WR/FLEX,3100,LV@DEN 09/10/2023 04:25PM ET,DEN,3.69,0,0
DST,Chargers  (28793584),Chargers ,28793584,DST,3100,MIA@LAC 09/10/2023 04:25PM ET,LAC,6.33,6.585,5.455
TE,Noah Fant (28793295),Noah Fant,28793295,TE/FLEX,3100,LAR@SEA 09/10/2023 04:25PM ET,SEA,6.93,6.912,6.21
WR,Lance McCutcheon (28792809),Lance McCutcheon,28792809,WR/FLEX,3000,HOU@BAL 09/10/2023 01:00PM ET,HOU,0,0,0
WR,Raleigh Webb (28792847),Raleigh Webb,28792847,WR/FLEX,3000,MIA@LAC 09/10/2023 04:25PM ET,MIA,0,0,0
WR,Freddie Swain (28792879),Freddie Swain,28792879,WR/FLEX,3000,PHI@NE 09/10/2023 04:25PM ET,PHI,2.85,0,0
WR,Phillip Dorsett II (28792891),Phillip Dorsett II,28792891,WR/FLEX,3000,LV@DEN 09/10/2023 04:25PM ET,DEN,3.45,0,0
WR,Thyrick Pitts (28792951),Thyrick Pitts,28792951,WR/FLEX,3000,PHI@NE 09/10/2023 04:25PM ET,NE,0,0,0
WR,James Washington (28793027),James Washington,28793027,WR/FLEX,3000,JAX@IND 09/10/2023 01:00PM ET,IND,0,0,0
WR,Racey McMath (28793047),Racey McMath,28793047,WR/FLEX,3000,JAX@IND 09/10/2023 01:00PM ET,IND,1.28,0,0
WR,Jacob Copeland (28793055),Jacob Copeland,28793055,WR/FLEX,3000,TB@MIN 09/10/2023 01:00PM ET,MIN,0,0,0
WR,Jalen Reagor (28793079),Jalen Reagor,28793079,WR/FLEX,3000,PHI@NE 09/10/2023 04:25PM ET,NE,1.49,0.32,0
WR,Johnny King (28793135),Johnny King,28793135,WR/FLEX,3000,PHI@NE 09/10/2023 04:25PM ET,PHI,0,0,0
WR,Trent Taylor (28793167),Trent Taylor,28793167,WR/FLEX,3000,GB@CHI 09/10/2023 04:25PM ET,CHI,0.67,0.1,0
WR,Amari Rodgers (28793203),Amari Rodgers,28793203,WR/FLEX,3000,JAX@IND 09/10/2023 01:00PM ET,IND,2.57,0,0
WR,C.J. Saunders (28793221),C.J. Saunders,28793221,WR/FLEX,3000,CAR@ATL 09/10/2023 01:00PM ET,ATL,0,0,0
WR,Javon Wims (28792783),Javon Wims,28792783,WR/FLEX,3000,CAR@ATL 09/10/2023 01:00PM ET,CAR,0,0,0
WR,Shi Smith (28793217),Shi Smith,28793217,WR/FLEX,3000,CAR@ATL 09/10/2023 01:00PM ET,CAR,3.68,0.3,0
WR,Damiere Byrd (28793219),Damiere Byrd,28793219,WR/FLEX,3000,CAR@ATL 09/10/2023 01:00PM ET,CAR,3.7,0,0
WR,Derek Wright (28793223),Derek Wright,28793223,WR/FLEX,3000,CAR@ATL 09/10/2023 01:00PM ET,CAR,0,0,0
WR,Gary Jennings (28793225),Gary Jennings,28793225,WR/FLEX,3000,CAR@ATL 09/10/2023 01:00PM ET,CAR,0,0,0
WR,Josh Vann (28793227),Josh Vann,28793227,WR/FLEX,3000,CAR@ATL 09/10/2023 01:00PM ET,CAR,0,0,0
WR,Marquez Stevenson (28793229),Marquez Stevenson,28793229,WR/FLEX,3000,CAR@ATL 09/10/2023 01:00PM ET,CAR,0,0,0
WR,KhaDarel Hodge (28793231),KhaDarel Hodge,28793231,WR/FLEX,3000,CAR@ATL 09/10/2023 01:00PM ET,ATL,2.42,1.357,3.07
WR,Frank Darby (28793233),Frank Darby,28793233,WR/FLEX,3000,CAR@ATL 09/10/2023 01:00PM ET,ATL,0.5,0,0
WR,Penny Hart (28793235),Penny Hart,28793235,WR/FLEX,3000,CAR@ATL 09/10/2023 01:00PM ET,ATL,0.62,0,0
WR,Josh Ali (28793237),Josh Ali,28793237,WR/FLEX,3000,CAR@ATL 09/10/2023 01:00PM ET,ATL,0,0.126,0.21
WR,J.J. Arcega-Whiteside (28793239),J.J. Arcega-Whiteside,28793239,WR/FLEX,3000,CAR@ATL 09/10/2023 01:00PM ET,ATL,0,0,0
WR,Chris Blair (28793241),Chris Blair,28793241,WR/FLEX,3000,CAR@ATL 09/10/2023 01:00PM ET,ATL,0,0,0
WR,Keilahn Harris (28793243),Keilahn Harris,28793243,WR/FLEX,3000,CAR@ATL 09/10/2023 01:00PM ET,ATL,0,0,0
WR,Zay Malone (28793245),Zay Malone,28793245,WR/FLEX,3000,CAR@ATL 09/10/2023 01:00PM ET,ATL,0,0,0
WR,Slade Bolden (28793247),Slade Bolden,28793247,WR/FLEX,3000,CAR@ATL 09/10/2023 01:00PM ET,ATL,0,0,0
TE,Hayden Hurst (28793305),Hayden Hurst,28793305,TE/FLEX,3000,CAR@ATL 09/10/2023 01:00PM ET,CAR,8.59,6.543,5.655
WR,Mathew Sexton (29001060),Mathew Sexton,29001060,WR/FLEX,3000,CAR@ATL 09/10/2023 01:00PM ET,ATL,0,0,0
WR,Ihmir Smith-Marsette (29276428),Ihmir Smith-Marsette,29276428,WR/FLEX,3000,CAR@ATL 09/10/2023 01:00PM ET,CAR,0.18,0,0
WR,Nelson Agholor (28793179),Nelson Agholor,28793179,WR/FLEX,3000,HOU@BAL 09/10/2023 01:00PM ET,BAL,5.01,1.51,4.045
WR,James Proche II (28793181),James Proche II,28793181,WR/FLEX,3000,HOU@BAL 09/10/2023 01:00PM ET,BAL,0.82,0,0
WR,Tylan Wallace (28793183),Tylan Wallace,28793183,WR/FLEX,3000,HOU@BAL 09/10/2023 01:00PM ET,BAL,0.81,0,0
WR,Laquon Treadwell (28793185),Laquon Treadwell,28793185,WR/FLEX,3000,HOU@BAL 09/10/2023 01:00PM ET,BAL,1.46,0,0
WR,Makai Polk (28793187),Makai Polk,28793187,WR/FLEX,3000,HOU@BAL 09/10/2023 01:00PM ET,BAL,0,0,0
WR,Shemar Bridges (28793189),Shemar Bridges,28793189,WR/FLEX,3000,HOU@BAL 09/10/2023 01:00PM ET,BAL,0,0,0
WR,Tarik Black (28793191),Tarik Black,28793191,WR/FLEX,3000,HOU@BAL 09/10/2023 01:00PM ET,BAL,0,0,0
WR,Dontay Demus Jr. (28793193),Dontay Demus Jr.,28793193,WR/FLEX,3000,HOU@BAL 09/10/2023 01:00PM ET,BAL,0,0,0
WR,Sean Ryan (28793195),Sean Ryan,28793195,WR/FLEX,3000,HOU@BAL 09/10/2023 01:00PM ET,BAL,0,0,0
WR,Noah Brown (28793197),Noah Brown,28793197,WR/FLEX,3000,HOU@BAL 09/10/2023 01:00PM ET,HOU,6.86,2.113,3.45
WR,Tank Dell (28793199),Tank Dell,28793199,WR/FLEX,3000,HOU@BAL 09/10/2023 01:00PM ET,HOU,0,5.653,5.03
WR,Xavier Hutchinson (28793201),Xavier Hutchinson,28793201,WR/FLEX,3000,HOU@BAL 09/10/2023 01:00PM ET,HOU,0,0.105,0.175
WR,Jalen Camp (28793205),Jalen Camp,28793205,WR/FLEX,3000,HOU@BAL 09/10/2023 01:00PM ET,HOU,0.85,0,0
WR,Steven Sims Jr. (28793207),Steven Sims Jr.,28793207,WR/FLEX,3000,HOU@BAL 09/10/2023 01:00PM ET,HOU,2.62,0,0
WR,Alex Bachman (28793209),Alex Bachman,28793209,WR/FLEX,3000,HOU@BAL 09/10/2023 01:00PM ET,HOU,0,0,0
WR,Johnny Johnson III (28793211),Johnny Johnson III,28793211,WR/FLEX,3000,HOU@BAL 09/10/2023 01:00PM ET,HOU,0,0,0
WR,Jared Wayne (28793213),Jared Wayne,28793213,WR/FLEX,3000,HOU@BAL 09/10/2023 01:00PM ET,HOU,0,0,0
WR,Jesse Matthews (28793215),Jesse Matthews,28793215,WR/FLEX,3000,HOU@BAL 09/10/2023 01:00PM ET,HOU,0,0,0
TE,Isaiah Likely (28793303),Isaiah Likely,28793303,TE/FLEX,3000,HOU@BAL 09/10/2023 01:00PM ET,BAL,5.55,4.529,6.28
WR,Adam Humphries (29001056),Adam Humphries,29001056,WR/FLEX,3000,HOU@BAL 09/10/2023 01:00PM ET,HOU,0,0,0
WR,Victor Bolden (29001058),Victor Bolden,29001058,WR/FLEX,3000,HOU@BAL 09/10/2023 01:00PM ET,HOU,0,0,0
WR,Marquise Goodwin (28793141),Marquise Goodwin,28793141,WR/FLEX,3000,CIN@CLE 09/10/2023 01:00PM ET,CLE,6.94,0,0
WR,David Bell (28793143),David Bell,28793143,WR/FLEX,3000,CIN@CLE 09/10/2023 01:00PM ET,CLE,2.84,0.186,0.31
WR,Jaelon Darden (28793145),Jaelon Darden,28793145,WR/FLEX,3000,CIN@CLE 09/10/2023 01:00PM ET,CLE,0.34,0,0
WR,Jakeem Grant Sr. (28793147),Jakeem Grant Sr.,28793147,WR/FLEX,3000,CIN@CLE 09/10/2023 01:00PM ET,CLE,0,0,0
WR,Anthony Schwartz (28793149),Anthony Schwartz,28793149,WR/FLEX,3000,CIN@CLE 09/10/2023 01:00PM ET,CLE,1.8,0,0
WR,Daylen Baldwin (28793151),Daylen Baldwin,28793151,WR/FLEX,3000,CIN@CLE 09/10/2023 01:00PM ET,CLE,4.5,0,0
WR,Mike Harley Jr. (28793153),Mike Harley Jr.,28793153,WR/FLEX,3000,CIN@CLE 09/10/2023 01:00PM ET,CLE,0,0,0
WR,Austin Watkins Jr. (28793157),Austin Watkins Jr.,28793157,WR/FLEX,3000,CIN@CLE 09/10/2023 01:00PM ET,CLE,0,0,0
WR,Michael Woods II (28793159),Michael Woods II,28793159,WR/FLEX,3000,CIN@CLE 09/10/2023 01:00PM ET,CLE,0.9,0,0
WR,Charlie Jones (28793161),Charlie Jones,28793161,WR/FLEX,3000,CIN@CLE 09/10/2023 01:00PM ET,CIN,0,0.024,0.04
WR,Trenton Irwin (28793163),Trenton Irwin,28793163,WR/FLEX,3000,CIN@CLE 09/10/2023 01:00PM ET,CIN,5.59,1.507,1.345
WR,Andrei Iosivas (28793165),Andrei Iosivas,28793165,WR/FLEX,3000,CIN@CLE 09/10/2023 01:00PM ET,CIN,0,0.288,0.48
WR,Stanley Morgan (28793169),Stanley Morgan,28793169,WR/FLEX,3000,CIN@CLE 09/10/2023 01:00PM ET,CIN,0,0,0
WR,Kwamie Lassiter II (28793171),Kwamie Lassiter II,28793171,WR/FLEX,3000,CIN@CLE 09/10/2023 01:00PM ET,CIN,0,0,0
WR,Malachi Carter (28793173),Malachi Carter,28793173,WR/FLEX,3000,CIN@CLE 09/10/2023 01:00PM ET,CIN,0,0,0
WR,Mac Hippenhammer (28793175),Mac Hippenhammer,28793175,WR/FLEX,3000,CIN@CLE 09/10/2023 01:00PM ET,CIN,0,0,0
WR,Shedrick Jackson (28793177),Shedrick Jackson,28793177,WR/FLEX,3000,CIN@CLE 09/10/2023 01:00PM ET,CIN,0,0,0
WR,Jalen Wayne (29001054),Jalen Wayne,29001054,WR/FLEX,3000,CIN@CLE 09/10/2023 01:00PM ET,CLE,0,0,0
WR,Jamal Agnew (28793099),Jamal Agnew,28793099,WR/FLEX,3000,JAX@IND 09/10/2023 01:00PM ET,JAX,4.31,1.801,2.365
WR,Parker Washington (28793101),Parker Washington,28793101,WR/FLEX,3000,JAX@IND 09/10/2023 01:00PM ET,JAX,0,0,0
WR,Tim Jones (28793103),Tim Jones,28793103,WR/FLEX,3000,JAX@IND 09/10/2023 01:00PM ET,JAX,0.32,0.104,0.04
WR,Kevin Austin Jr. (28793105),Kevin Austin Jr.,28793105,WR/FLEX,3000,JAX@IND 09/10/2023 01:00PM ET,JAX,0,0,0
WR,Kendric Pryor (28793107),Kendric Pryor,28793107,WR/FLEX,3000,JAX@IND 09/10/2023 01:00PM ET,JAX,0,0.26,0
WR,Seth Williams (28793109),Seth Williams,28793109,WR/FLEX,3000,JAX@IND 09/10/2023 01:00PM ET,JAX,0,0,0
WR,Jacob Harris (28793111),Jacob Harris,28793111,WR/FLEX,3000,JAX@IND 09/10/2023 01:00PM ET,JAX,0.23,0,0
WR,Jaray Jenkins (28793113),Jaray Jenkins,28793113,WR/FLEX,3000,JAX@IND 09/10/2023 01:00PM ET,JAX,0,0,0
WR,Elijah Cooks (28793115),Elijah Cooks,28793115,WR/FLEX,3000,JAX@IND 09/10/2023 01:00PM ET,JAX,0,0,0
WR,Oliver Martin (28793117),Oliver Martin,28793117,WR/FLEX,3000,JAX@IND 09/10/2023 01:00PM ET,JAX,0,0,0
WR,Jaylon Moore (28793119),Jaylon Moore,28793119,WR/FLEX,3000,JAX@IND 09/10/2023 01:00PM ET,JAX,0,0,0
WR,Ashton Dulin (28793121),Ashton Dulin,28793121,WR/FLEX,3000,JAX@IND 09/10/2023 01:00PM ET,IND,3.54,0,0
WR,Breshad Perriman (28793123),Breshad Perriman,28793123,WR/FLEX,3000,JAX@IND 09/10/2023 01:00PM ET,IND,2.21,0.3,0
WR,Mike Strachan (28793125),Mike Strachan,28793125,WR/FLEX,3000,JAX@IND 09/10/2023 01:00PM ET,IND,0.68,0,0
WR,Vyncint Smith (28793127),Vyncint Smith,28793127,WR/FLEX,3000,JAX@IND 09/10/2023 01:00PM ET,IND,0,0,0
WR,Malik Turner (28793129),Malik Turner,28793129,WR/FLEX,3000,JAX@IND 09/10/2023 01:00PM ET,IND,0,0,0
WR,Juwann Winfree (28793131),Juwann Winfree,28793131,WR/FLEX,3000,JAX@IND 09/10/2023 01:00PM ET,IND,0.9,0,0
WR,Ethan Fernea (28793133),Ethan Fernea,28793133,WR/FLEX,3000,JAX@IND 09/10/2023 01:00PM ET,IND,0,0,0
WR,Zavier Scott (28793137),Zavier Scott,28793137,WR/FLEX,3000,JAX@IND 09/10/2023 01:00PM ET,IND,0,0,0
WR,Kody Case (28793139),Kody Case,28793139,WR/FLEX,3000,JAX@IND 09/10/2023 01:00PM ET,IND,0,0,0
WR,D.J. Montgomery (29095824),D.J. Montgomery,29095824,WR/FLEX,3000,JAX@IND 09/10/2023 01:00PM ET,IND,0,0,0
WR,Tyler Adams (29095826),Tyler Adams,29095826,WR/FLEX,3000,JAX@IND 09/10/2023 01:00PM ET,IND,0,0,0
WR,Trey Palmer (28793063),Trey Palmer,28793063,WR/FLEX,3000,TB@MIN 09/10/2023 01:00PM ET,TB,0,6.355,5.84
WR,Deven Thompkins (28793065),Deven Thompkins,28793065,WR/FLEX,3000,TB@MIN 09/10/2023 01:00PM ET,TB,1.8,0.991,0.485
WR,Kaylon Geiger Sr. (28793067),Kaylon Geiger Sr.,28793067,WR/FLEX,3000,TB@MIN 09/10/2023 01:00PM ET,TB,0,0,0
WR,David Moore (28793069),David Moore,28793069,WR/FLEX,3000,TB@MIN 09/10/2023 01:00PM ET,TB,0,0.42,0
WR,Taye Barber (28793071),Taye Barber,28793071,WR/FLEX,3000,TB@MIN 09/10/2023 01:00PM ET,TB,0,0,0
WR,Rakim Jarrett (28793073),Rakim Jarrett,28793073,WR/FLEX,3000,TB@MIN 09/10/2023 01:00PM ET,TB,0,0.669,2.1
WR,Ryan Miller (28793075),Ryan Miller,28793075,WR/FLEX,3000,TB@MIN 09/10/2023 01:00PM ET,TB,0,0,0
WR,Kade Warner (28793077),Kade Warner,28793077,WR/FLEX,3000,TB@MIN 09/10/2023 01:00PM ET,TB,0,0,0
WR,Brandon Powell (28793081),Brandon Powell,28793081,WR/FLEX,3000,TB@MIN 09/10/2023 01:00PM ET,MIN,2.8,0.348,0.58
WR,Jalen Nailor (28793083),Jalen Nailor,28793083,WR/FLEX,3000,TB@MIN 09/10/2023 01:00PM ET,MIN,2.06,0.801,0.635
WR,Blake Proehl (28793085),Blake Proehl,28793085,WR/FLEX,3000,TB@MIN 09/10/2023 01:00PM ET,MIN,0,0,0
WR,Trishton Jackson (28793087),Trishton Jackson,28793087,WR/FLEX,3000,TB@MIN 09/10/2023 01:00PM ET,MIN,0,0,0
WR,Cephus Johnson III (28793089),Cephus Johnson III,28793089,WR/FLEX,3000,TB@MIN 09/10/2023 01:00PM ET,TB,0,0,0
WR,Thayer Thomas (28793091),Thayer Thomas,28793091,WR/FLEX,3000,TB@MIN 09/10/2023 01:00PM ET,MIN,0,0,0
WR,Lucky Jackson (28793093),Lucky Jackson,28793093,WR/FLEX,3000,TB@MIN 09/10/2023 01:00PM ET,MIN,0,0,0
WR,Garett Maag (28793095),Garett Maag,28793095,WR/FLEX,3000,TB@MIN 09/10/2023 01:00PM ET,MIN,0,0,0
WR,Malik Knowles (28793097),Malik Knowles,28793097,WR/FLEX,3000,TB@MIN 09/10/2023 01:00PM ET,MIN,0,0,0
WR,N'Keal Harry (29001052),N'Keal Harry,29001052,WR/FLEX,3000,TB@MIN 09/10/2023 01:00PM ET,MIN,3.51,0,0
WR,A.T. Perry (28793025),A.T. Perry,28793025,WR/FLEX,3000,TEN@NO 09/10/2023 01:00PM ET,NO,0,0.348,0.35
WR,Kirk Merritt (28793029),Kirk Merritt,28793029,WR/FLEX,3000,TEN@NO 09/10/2023 01:00PM ET,NO,0,1.299,3.73
WR,Keith Kirkwood (28793031),Keith Kirkwood,28793031,WR/FLEX,3000,TEN@NO 09/10/2023 01:00PM ET,NO,0.76,0.627,1.045
WR,Bryan Edwards (28793033),Bryan Edwards,28793033,WR/FLEX,3000,TEN@NO 09/10/2023 01:00PM ET,NO,0.64,0,0
WR,Lynn Bowden Jr. (28793037),Lynn Bowden Jr.,28793037,WR/FLEX,3000,TEN@NO 09/10/2023 01:00PM ET,NO,0,0,0
WR,Kawaan Baker (28793039),Kawaan Baker,28793039,WR/FLEX,3000,TEN@NO 09/10/2023 01:00PM ET,NO,0,0,0
WR,Shaq Davis (28793041),Shaq Davis,28793041,WR/FLEX,3000,TEN@NO 09/10/2023 01:00PM ET,NO,0,0,0
WR,Kyle Philips (28793043),Kyle Philips,28793043,WR/FLEX,3000,TEN@NO 09/10/2023 01:00PM ET,TEN,3.45,0,0
WR,Chris Moore (28793045),Chris Moore,28793045,WR/FLEX,3000,TEN@NO 09/10/2023 01:00PM ET,TEN,7.38,1.941,0.935
WR,Colton Dowell (28793049),Colton Dowell,28793049,WR/FLEX,3000,TEN@NO 09/10/2023 01:00PM ET,TEN,0,0.108,0.18
WR,Reggie Roberson Jr. (28793051),Reggie Roberson Jr.,28793051,WR/FLEX,3000,TEN@NO 09/10/2023 01:00PM ET,TEN,0,0,0
WR,Mason Kinsey (28793053),Mason Kinsey,28793053,WR/FLEX,3000,TEN@NO 09/10/2023 01:00PM ET,TEN,0.65,0,0
WR,Tre'Shaun Harrison (28793057),Tre'Shaun Harrison,28793057,WR/FLEX,3000,TEN@NO 09/10/2023 01:00PM ET,TEN,0,0,0
WR,Kearis Jackson (28793059),Kearis Jackson,28793059,WR/FLEX,3000,TEN@NO 09/10/2023 01:00PM ET,TEN,0,0,0
WR,Gavin Holmes (28793061),Gavin Holmes,28793061,WR/FLEX,3000,TEN@NO 09/10/2023 01:00PM ET,TEN,0,0,0
WR,Jontre Kirklin (29001050),Jontre Kirklin,29001050,WR/FLEX,3000,TEN@NO 09/10/2023 01:00PM ET,NO,0,0,0
WR,Ray-Ray McCloud III (28792991),Ray-Ray McCloud III,28792991,WR/FLEX,3000,SF@PIT 09/10/2023 01:00PM ET,SF,2.86,0.588,0.98
WR,Danny Gray (28792993),Danny Gray,28792993,WR/FLEX,3000,SF@PIT 09/10/2023 01:00PM ET,SF,0.18,0.117,0.195
WR,Chris Conley (28792995),Chris Conley,28792995,WR/FLEX,3000,SF@PIT 09/10/2023 01:00PM ET,SF,0.96,0,0
WR,Ronnie Bell (28792997),Ronnie Bell,28792997,WR/FLEX,3000,SF@PIT 09/10/2023 01:00PM ET,SF,0,0.024,0.04
WR,Willie Snead IV (28792999),Willie Snead IV,28792999,WR/FLEX,3000,SF@PIT 09/10/2023 01:00PM ET,SF,0,0,0
WR,Tay Martin (28793001),Tay Martin,28793001,WR/FLEX,3000,SF@PIT 09/10/2023 01:00PM ET,SF,0,0,0
WR,Dazz Newsome (28793003),Dazz Newsome,28793003,WR/FLEX,3000,SF@PIT 09/10/2023 01:00PM ET,SF,0,0,0
WR,Isaiah Winstead (28793005),Isaiah Winstead,28793005,WR/FLEX,3000,SF@PIT 09/10/2023 01:00PM ET,SF,0,0,0
WR,Calvin Austin III (28793007),Calvin Austin III,28793007,WR/FLEX,3000,SF@PIT 09/10/2023 01:00PM ET,PIT,0,1.628,2.455
WR,Gunner Olszewski (28793009),Gunner Olszewski,28793009,WR/FLEX,3000,SF@PIT 09/10/2023 01:00PM ET,PIT,0.82,0,0
WR,Miles Boykin (28793011),Miles Boykin,28793011,WR/FLEX,3000,SF@PIT 09/10/2023 01:00PM ET,PIT,0.19,0.132,0.22
WR,Cody White (28793013),Cody White,28793013,WR/FLEX,3000,SF@PIT 09/10/2023 01:00PM ET,PIT,1.2,0,0
WR,Ja'Marcus Bradley (28793015),Ja'Marcus Bradley,28793015,WR/FLEX,3000,SF@PIT 09/10/2023 01:00PM ET,PIT,0,0,0
WR,Dez Fitzpatrick (28793017),Dez Fitzpatrick,28793017,WR/FLEX,3000,SF@PIT 09/10/2023 01:00PM ET,PIT,0,0,0
WR,Dan Chisena (28793019),Dan Chisena,28793019,WR/FLEX,3000,SF@PIT 09/10/2023 01:00PM ET,PIT,0,0,0
WR,Hakeem Butler (28793021),Hakeem Butler,28793021,WR/FLEX,3000,SF@PIT 09/10/2023 01:00PM ET,PIT,0,0,0
WR,Jordan Byrd (28793023),Jordan Byrd,28793023,WR/FLEX,3000,SF@PIT 09/10/2023 01:00PM ET,PIT,0,0,0
DST,Steelers  (28793585),Steelers ,28793585,DST,3000,SF@PIT 09/10/2023 01:00PM ET,PIT,6.29,6.35,5.32
WR,Anthony Miller (29248795),Anthony Miller,29248795,WR/FLEX,3000,SF@PIT 09/10/2023 01:00PM ET,SF,0,0,0
WR,Dyami Brown (28792955),Dyami Brown,28792955,WR/FLEX,3000,ARI@WAS 09/10/2023 01:00PM ET,WAS,2.39,1.414,4.205
WR,Dax Milne (28792957),Dax Milne,28792957,WR/FLEX,3000,ARI@WAS 09/10/2023 01:00PM ET,WAS,1.05,0.021,0.035
WR,Byron Pringle (28792959),Byron Pringle,28792959,WR/FLEX,3000,ARI@WAS 09/10/2023 01:00PM ET,WAS,3.23,0,0
WR,Marcus Kemp (28792961),Marcus Kemp,28792961,WR/FLEX,3000,ARI@WAS 09/10/2023 01:00PM ET,WAS,0.46,0,0
WR,Kyric McGowan (28792963),Kyric McGowan,28792963,WR/FLEX,3000,ARI@WAS 09/10/2023 01:00PM ET,WAS,0,0,0
WR,Kazmeir Allen (28792965),Kazmeir Allen,28792965,WR/FLEX,3000,ARI@WAS 09/10/2023 01:00PM ET,WAS,0,0,0
WR,Zion Bowens (28792967),Zion Bowens,28792967,WR/FLEX,3000,ARI@WAS 09/10/2023 01:00PM ET,WAS,0,0,0
WR,Mitchell Tinsley (28792969),Mitchell Tinsley,28792969,WR/FLEX,3000,ARI@WAS 09/10/2023 01:00PM ET,WAS,0,0.297,0.495
WR,Brycen Tremayne (28792971),Brycen Tremayne,28792971,WR/FLEX,3000,ARI@WAS 09/10/2023 01:00PM ET,WAS,0,0,0
WR,Jalen Sample (28792973),Jalen Sample,28792973,WR/FLEX,3000,ARI@WAS 09/10/2023 01:00PM ET,WAS,0,0,0
WR,Michael Wilson (28792975),Michael Wilson,28792975,WR/FLEX,3000,ARI@WAS 09/10/2023 01:00PM ET,ARI,0,5.395,5.42
WR,Zach Pascal (28792977),Zach Pascal,28792977,WR/FLEX,3000,ARI@WAS 09/10/2023 01:00PM ET,ARI,2.02,1.181,2.885
WR,Andre Baccellia (28792979),Andre Baccellia,28792979,WR/FLEX,3000,ARI@WAS 09/10/2023 01:00PM ET,ARI,1.44,0,0
WR,Daniel Arias (28792981),Daniel Arias,28792981,WR/FLEX,3000,ARI@WAS 09/10/2023 01:00PM ET,ARI,0,0,0
WR,Brian Cobbs (28792983),Brian Cobbs,28792983,WR/FLEX,3000,ARI@WAS 09/10/2023 01:00PM ET,ARI,0,0,0
WR,Brandon Smith (28792985),Brandon Smith,28792985,WR/FLEX,3000,ARI@WAS 09/10/2023 01:00PM ET,ARI,0,0,0
WR,Davion Davis (28792987),Davion Davis,28792987,WR/FLEX,3000,ARI@WAS 09/10/2023 01:00PM ET,ARI,0,0,0
WR,Kaden Davis (28792989),Kaden Davis,28792989,WR/FLEX,3000,ARI@WAS 09/10/2023 01:00PM ET,ARI,0,0,0
WR,Cody Chrest (28792781),Cody Chrest,28792781,WR/FLEX,3000,GB@CHI 09/10/2023 04:25PM ET,GB,0,0,0
WR,Jayden Reed (28792917),Jayden Reed,28792917,WR/FLEX,3000,GB@CHI 09/10/2023 04:25PM ET,GB,0,7.522,6.285
WR,Samori Toure (28792919),Samori Toure,28792919,WR/FLEX,3000,GB@CHI 09/10/2023 04:25PM ET,GB,1.74,0.997,0.695
WR,Dontayvion Wicks (28792921),Dontayvion Wicks,28792921,WR/FLEX,3000,GB@CHI 09/10/2023 04:25PM ET,GB,0,1.5,1.65
WR,Grant DuBose (28792923),Grant DuBose,28792923,WR/FLEX,3000,GB@CHI 09/10/2023 04:25PM ET,GB,0,0,0
WR,Bo Melton (28792925),Bo Melton,28792925,WR/FLEX,3000,GB@CHI 09/10/2023 04:25PM ET,GB,0,0.18,0
WR,Malik Heath (28792927),Malik Heath,28792927,WR/FLEX,3000,GB@CHI 09/10/2023 04:25PM ET,GB,0,0.213,0.355
WR,Duece Watts (28792929),Duece Watts,28792929,WR/FLEX,3000,GB@CHI 09/10/2023 04:25PM ET,GB,0,0,0
WR,Jadakis Bonds (28792931),Jadakis Bonds,28792931,WR/FLEX,3000,GB@CHI 09/10/2023 04:25PM ET,GB,0,0,0
WR,Jeff Cotton Jr. (28792933),Jeff Cotton Jr.,28792933,WR/FLEX,3000,GB@CHI 09/10/2023 04:25PM ET,GB,0,0,0
WR,Equanimeous St. Brown (28792935),Equanimeous St. Brown,28792935,WR/FLEX,3000,GB@CHI 09/10/2023 04:25PM ET,CHI,4.04,0.54,0
WR,Tyler Scott (28792937),Tyler Scott,28792937,WR/FLEX,3000,GB@CHI 09/10/2023 04:25PM ET,CHI,0,0.801,2.655
WR,Dante Pettis (28792939),Dante Pettis,28792939,WR/FLEX,3000,GB@CHI 09/10/2023 04:25PM ET,CHI,3.84,0,0
WR,Velus Jones Jr. (28792941),Velus Jones Jr.,28792941,WR/FLEX,3000,GB@CHI 09/10/2023 04:25PM ET,CHI,3.08,0.518,0.33
WR,Nsimba Webster (28792943),Nsimba Webster,28792943,WR/FLEX,3000,GB@CHI 09/10/2023 04:25PM ET,CHI,1.7,0,0
WR,Isaiah Ford (28792945),Isaiah Ford,28792945,WR/FLEX,3000,GB@CHI 09/10/2023 04:25PM ET,CHI,0,0,0
WR,Daurice Fountain (28792947),Daurice Fountain,28792947,WR/FLEX,3000,GB@CHI 09/10/2023 04:25PM ET,CHI,0,0,0
WR,Joe Reed (28792949),Joe Reed,28792949,WR/FLEX,3000,GB@CHI 09/10/2023 04:25PM ET,CHI,0,0,0
WR,Aron Cruickshank (28792953),Aron Cruickshank,28792953,WR/FLEX,3000,GB@CHI 09/10/2023 04:25PM ET,CHI,0,0,0
WR,Dre Miller (29001062),Dre Miller,29001062,WR/FLEX,3000,GB@CHI 09/10/2023 04:25PM ET,GB,0,0,0
WR,Keelan Cole Sr. (28792887),Keelan Cole Sr.,28792887,WR/FLEX,3000,LV@DEN 09/10/2023 04:25PM ET,LV,2.15,0,0
WR,Tre Tucker (28792889),Tre Tucker,28792889,WR/FLEX,3000,LV@DEN 09/10/2023 04:25PM ET,LV,0,0,0
WR,Cam Sims (28792893),Cam Sims,28792893,WR/FLEX,3000,LV@DEN 09/10/2023 04:25PM ET,LV,0.99,0,0
WR,DJ Turner (28792895),DJ Turner,28792895,WR/FLEX,3000,LV@DEN 09/10/2023 04:25PM ET,LV,0.29,0,0
WR,Chris Lacy (28792897),Chris Lacy,28792897,WR/FLEX,3000,LV@DEN 09/10/2023 04:25PM ET,LV,0,0,0
WR,Kristian Wilkerson (28792899),Kristian Wilkerson,28792899,WR/FLEX,3000,LV@DEN 09/10/2023 04:25PM ET,LV,0,0.192,0.32
WR,Marvin Mims Jr. (28792901),Marvin Mims Jr.,28792901,WR/FLEX,3000,LV@DEN 09/10/2023 04:25PM ET,DEN,0,1.32,3.19
WR,Kendall Hinton (28792903),Kendall Hinton,28792903,WR/FLEX,3000,LV@DEN 09/10/2023 04:25PM ET,DEN,4.7,0,0
WR,Lil'Jordan Humphrey (28792905),Lil'Jordan Humphrey,28792905,WR/FLEX,3000,LV@DEN 09/10/2023 04:25PM ET,DEN,0.67,0.18,0
WR,Brandon Johnson (28792907),Brandon Johnson,28792907,WR/FLEX,3000,LV@DEN 09/10/2023 04:25PM ET,DEN,2.17,3.462,6.205
WR,Jalen Virgil (28792909),Jalen Virgil,28792909,WR/FLEX,3000,LV@DEN 09/10/2023 04:25PM ET,DEN,1.61,0,0
WR,Nick Williams (28792911),Nick Williams,28792911,WR/FLEX,3000,LV@DEN 09/10/2023 04:25PM ET,DEN,0,0,0
WR,Montrell Washington (28792913),Montrell Washington,28792913,WR/FLEX,3000,LV@DEN 09/10/2023 04:25PM ET,DEN,0.41,0,0
WR,Taylor Grimes (28792915),Taylor Grimes,28792915,WR/FLEX,3000,LV@DEN 09/10/2023 04:25PM ET,DEN,0,0,0
TE,Austin Hooper (28793301),Austin Hooper,28793301,TE/FLEX,3000,LV@DEN 09/10/2023 04:25PM ET,LV,5.73,3.464,4.7
WR,Michael Bandy (29001048),Michael Bandy,29001048,WR/FLEX,3000,LV@DEN 09/10/2023 04:25PM ET,DEN,1.72,0,0
WR,Isaiah Zuber (29095820),Isaiah Zuber,29095820,WR/FLEX,3000,LV@DEN 09/10/2023 04:25PM ET,LV,0,0,0
WR,J.J. Koski (29095822),J.J. Koski,29095822,WR/FLEX,3000,LV@DEN 09/10/2023 04:25PM ET,DEN,0,0,0
WR,Josh Hammond (29248793),Josh Hammond,29248793,WR/FLEX,3000,LV@DEN 09/10/2023 04:25PM ET,DEN,0,0,0
WR,Milton Wright (28792779),Milton Wright,28792779,WR/FLEX,3000,MIA@LAC 09/10/2023 04:25PM ET,LAC,0,0,0
WR,Jalen Guyton (28792857),Jalen Guyton,28792857,WR/FLEX,3000,MIA@LAC 09/10/2023 04:25PM ET,LAC,2.8,0,0
WR,Derius Davis (28792859),Derius Davis,28792859,WR/FLEX,3000,MIA@LAC 09/10/2023 04:25PM ET,LAC,0,0.159,0.265
WR,Keelan Doss (28792861),Keelan Doss,28792861,WR/FLEX,3000,MIA@LAC 09/10/2023 04:25PM ET,LAC,0,0,0
WR,John Hightower (28792863),John Hightower,28792863,WR/FLEX,3000,MIA@LAC 09/10/2023 04:25PM ET,LAC,0,0,0
WR,Darrius Shepherd (28792865),Darrius Shepherd,28792865,WR/FLEX,3000,MIA@LAC 09/10/2023 04:25PM ET,LAC,0,0,0
WR,Pokey Wilson (28792867),Pokey Wilson,28792867,WR/FLEX,3000,MIA@LAC 09/10/2023 04:25PM ET,LAC,0,0,0
WR,Terrell Bynum (28792869),Terrell Bynum,28792869,WR/FLEX,3000,MIA@LAC 09/10/2023 04:25PM ET,LAC,0,0,0
WR,Cedrick Wilson Jr. (28792871),Cedrick Wilson Jr.,28792871,WR/FLEX,3000,MIA@LAC 09/10/2023 04:25PM ET,MIA,1.8,4.417,5.945
WR,Braxton Berrios (28792873),Braxton Berrios,28792873,WR/FLEX,3000,MIA@LAC 09/10/2023 04:25PM ET,MIA,3.39,4.064,5.025
WR,River Cracraft (28792875),River Cracraft,28792875,WR/FLEX,3000,MIA@LAC 09/10/2023 04:25PM ET,MIA,2.6,0.12,0.2
WR,Erik Ezukanma (28792877),Erik Ezukanma,28792877,WR/FLEX,3000,MIA@LAC 09/10/2023 04:25PM ET,MIA,1.3,0.411,0.685
WR,Braylon Sanders (28792881),Braylon Sanders,28792881,WR/FLEX,3000,MIA@LAC 09/10/2023 04:25PM ET,MIA,0.9,0,0
WR,Chris Coleman (28792883),Chris Coleman,28792883,WR/FLEX,3000,MIA@LAC 09/10/2023 04:25PM ET,MIA,0,0,0
WR,Daewood Davis (28792885),Daewood Davis,28792885,WR/FLEX,3000,MIA@LAC 09/10/2023 04:25PM ET,MIA,0,0,0
WR,Keke Coutee (28793035),Keke Coutee,28793035,WR/FLEX,3000,MIA@LAC 09/10/2023 04:25PM ET,MIA,0.25,0,0
WR,Olamide Zaccheaus (28792821),Olamide Zaccheaus,28792821,WR/FLEX,3000,PHI@NE 09/10/2023 04:25PM ET,PHI,6.53,1.546,3.6
WR,Devon Allen (28792823),Devon Allen,28792823,WR/FLEX,3000,PHI@NE 09/10/2023 04:25PM ET,PHI,0,0,0
WR,Tyrie Cleveland (28792825),Tyrie Cleveland,28792825,WR/FLEX,3000,PHI@NE 09/10/2023 04:25PM ET,PHI,0.8,0,0
WR,Greg Ward (28792827),Greg Ward,28792827,WR/FLEX,3000,PHI@NE 09/10/2023 04:25PM ET,PHI,0,0,0
WR,Britain Covey (28792829),Britain Covey,28792829,WR/FLEX,3000,PHI@NE 09/10/2023 04:25PM ET,PHI,0,0,0
WR,Deon Cain (28792831),Deon Cain,28792831,WR/FLEX,3000,PHI@NE 09/10/2023 04:25PM ET,PHI,0,0,0
WR,Jadon Haselwood (28792833),Jadon Haselwood,28792833,WR/FLEX,3000,PHI@NE 09/10/2023 04:25PM ET,PHI,0,0,0
WR,Joseph Ngata (28792835),Joseph Ngata,28792835,WR/FLEX,3000,PHI@NE 09/10/2023 04:25PM ET,PHI,0,0,0
WR,Charleston Rambo (28792837),Charleston Rambo,28792837,WR/FLEX,3000,PHI@NE 09/10/2023 04:25PM ET,PHI,0,0,0
WR,Tyquan Thornton (28792839),Tyquan Thornton,28792839,WR/FLEX,3000,PHI@NE 09/10/2023 04:25PM ET,NE,5.1,0.46,0
WR,Kayshon Boutte (28792841),Kayshon Boutte,28792841,WR/FLEX,3000,PHI@NE 09/10/2023 04:25PM ET,NE,0,0.156,0.26
WR,Demario Douglas (28792843),Demario Douglas,28792843,WR/FLEX,3000,PHI@NE 09/10/2023 04:25PM ET,NE,0,1.648,3.005
WR,Tre Nixon (28792845),Tre Nixon,28792845,WR/FLEX,3000,PHI@NE 09/10/2023 04:25PM ET,NE,0,0,0
WR,Matthew Slater (28792849),Matthew Slater,28792849,WR/FLEX,3000,PHI@NE 09/10/2023 04:25PM ET,NE,0,0,0
WR,C.J. Board (28792851),C.J. Board,28792851,WR/FLEX,3000,PHI@NE 09/10/2023 04:25PM ET,NE,0.4,0,0
WR,Ed Lee (28792853),Ed Lee,28792853,WR/FLEX,3000,PHI@NE 09/10/2023 04:25PM ET,NE,0,0,0
WR,Jalen Hurd (28792855),Jalen Hurd,28792855,WR/FLEX,3000,PHI@NE 09/10/2023 04:25PM ET,NE,0,0,0
WR,Dee Eskridge (28792785),Dee Eskridge,28792785,WR/FLEX,3000,LAR@SEA 09/10/2023 04:25PM ET,SEA,1.38,0,0
WR,Dareke Young (28792787),Dareke Young,28792787,WR/FLEX,3000,LAR@SEA 09/10/2023 04:25PM ET,SEA,0.46,0.024,0.04
WR,Cody Thompson (28792789),Cody Thompson,28792789,WR/FLEX,3000,LAR@SEA 09/10/2023 04:25PM ET,SEA,0,0.327,0.545
WR,Cade Johnson (28792791),Cade Johnson,28792791,WR/FLEX,3000,LAR@SEA 09/10/2023 04:25PM ET,SEA,2.75,0,0
WR,Easop Winston (28792793),Easop Winston,28792793,WR/FLEX,3000,LAR@SEA 09/10/2023 04:25PM ET,SEA,0,0,0
WR,Jake Bobo (28792795),Jake Bobo,28792795,WR/FLEX,3000,LAR@SEA 09/10/2023 04:25PM ET,SEA,0,0.159,0.265
WR,Matt Landers (28792797),Matt Landers,28792797,WR/FLEX,3000,LAR@SEA 09/10/2023 04:25PM ET,SEA,0,0,0
WR,Tyjon Lindsey (28792799),Tyjon Lindsey,28792799,WR/FLEX,3000,LAR@SEA 09/10/2023 04:25PM ET,SEA,0,0,0
WR,John Hall (28792801),John Hall,28792801,WR/FLEX,3000,LAR@SEA 09/10/2023 04:25PM ET,SEA,0,0,0
WR,Demarcus Robinson (28792803),Demarcus Robinson,28792803,WR/FLEX,3000,LAR@SEA 09/10/2023 04:25PM ET,LAR,6.71,3.732,5.145
WR,Tutu Atwell (28792805),Tutu Atwell,28792805,WR/FLEX,3000,LAR@SEA 09/10/2023 04:25PM ET,LAR,4.86,1.701,3.515
WR,Puka Nacua (28792807),Puka Nacua,28792807,WR/FLEX,3000,LAR@SEA 09/10/2023 04:25PM ET,LAR,0,0.94,0.5
WR,Austin Trammell (28792811),Austin Trammell,28792811,WR/FLEX,3000,LAR@SEA 09/10/2023 04:25PM ET,LAR,0.55,0,0
WR,Tyler Johnson (28792813),Tyler Johnson,28792813,WR/FLEX,3000,LAR@SEA 09/10/2023 04:25PM ET,LAR,0,0,0
WR,Xavier Smith (28792815),Xavier Smith,28792815,WR/FLEX,3000,LAR@SEA 09/10/2023 04:25PM ET,LAR,0,0,0
WR,Braxton Burmeister (28792817),Braxton Burmeister,28792817,WR/FLEX,3000,LAR@SEA 09/10/2023 04:25PM ET,LAR,0,0,0
WR,Tyler Hudson (28792819),Tyler Hudson,28792819,WR/FLEX,3000,LAR@SEA 09/10/2023 04:25PM ET,LAR,0,0,0
WR,Ra'Shaun Henry (28793155),Ra'Shaun Henry,28793155,WR/FLEX,3000,LAR@SEA 09/10/2023 04:25PM ET,SEA,0,0,0
WR,Justin Marshall (29095818),Justin Marshall,29095818,WR/FLEX,3000,LAR@SEA 09/10/2023 04:25PM ET,SEA,0,0,0
DST,Bengals  (28793587),Bengals ,28793587,DST,2900,CIN@CLE 09/10/2023 01:00PM ET,CIN,6.84,6.419,5.525
TE,Kylen Granson (28793309),Kylen Granson,28793309,TE/FLEX,2900,JAX@IND 09/10/2023 01:00PM ET,IND,4.71,5.166,6.38
TE,Luke Musgrave (28793311),Luke Musgrave,28793311,TE/FLEX,2900,GB@CHI 09/10/2023 04:25PM ET,GB,0,5.776,5.885
DST,Bears  (28793586),Bears ,28793586,DST,2900,GB@CHI 09/10/2023 04:25PM ET,CHI,3.47,6.105,4.96
TE,Dan Arnold (28793307),Dan Arnold,28793307,TE/FLEX,2900,PHI@NE 09/10/2023 04:25PM ET,PHI,1.18,0,0
DST,Commanders  (28793589),Commanders ,28793589,DST,2800,ARI@WAS 09/10/2023 01:00PM ET,WAS,7.06,9.421,5.275
DST,Packers  (28793588),Packers ,28793588,DST,2800,GB@CHI 09/10/2023 04:25PM ET,GB,6.88,6.661,5.35
TE,Michael Mayer (28793317),Michael Mayer,28793317,TE/FLEX,2800,LV@DEN 09/10/2023 04:25PM ET,LV,0,4.8,5.025
TE,Durham Smythe (28793315),Durham Smythe,28793315,TE/FLEX,2800,MIA@LAC 09/10/2023 04:25PM ET,MIA,2.53,4.718,6.21
TE,Brycen Hopkins (28793313),Brycen Hopkins,28793313,TE/FLEX,2800,LAR@SEA 09/10/2023 04:25PM ET,LAR,1.28,0.825,2.195
TE,Jonnu Smith (28793323),Jonnu Smith,28793323,TE/FLEX,2700,CAR@ATL 09/10/2023 01:00PM ET,ATL,3.71,1.359,2.525
TE,Foster Moreau (28793321),Foster Moreau,28793321,TE/FLEX,2700,TEN@NO 09/10/2023 01:00PM ET,NO,5.75,1.845,2.42
TE,Albert Okwuegbunam (28793319),Albert Okwuegbunam,28793319,TE/FLEX,2700,PHI@NE 09/10/2023 04:25PM ET,PHI,3.19,0,0
DST,Patriots  (28793591),Patriots ,28793591,DST,2700,PHI@NE 09/10/2023 04:25PM ET,NE,10.94,5.642,5.55
DST,Rams  (28793590),Rams ,28793590,DST,2700,LAR@SEA 09/10/2023 04:25PM ET,LAR,6.12,5.831,5.795
DST,Panthers  (28793593),Panthers ,28793593,DST,2600,CAR@ATL 09/10/2023 01:00PM ET,CAR,6.59,5.772,5.1
TE,Jordan Akins (28793329),Jordan Akins,28793329,TE/FLEX,2600,CIN@CLE 09/10/2023 01:00PM ET,CLE,7.83,1.047,3.435
DST,Browns  (28793594),Browns ,28793594,DST,2600,CIN@CLE 09/10/2023 01:00PM ET,CLE,6.47,6.343,5.665
DST,Titans  (28793592),Titans ,28793592,DST,2600,TEN@NO 09/10/2023 01:00PM ET,TEN,5.59,6.14,5.06
TE,Donald Parham Jr. (28793327),Donald Parham Jr.,28793327,TE/FLEX,2600,MIA@LAC 09/10/2023 04:25PM ET,LAC,5.04,3.442,4.355
TE,Will Dissly (28793325),Will Dissly,28793325,TE/FLEX,2600,LAR@SEA 09/10/2023 04:25PM ET,SEA,5.79,3.943,4.78
TE,Lucas Krull (28793461),Lucas Krull,28793461,TE/FLEX,2500,LV@DEN 09/10/2023 04:25PM ET,DEN,0,0,0
TE,Pharaoh Brown (28793515),Pharaoh Brown,28793515,TE/FLEX,2500,PHI@NE 09/10/2023 04:25PM ET,NE,1.48,0.14,0
TE,Nick Bowers (28793535),Nick Bowers,28793535,TE/FLEX,2500,MIA@LAC 09/10/2023 04:25PM ET,MIA,0,0,0
TE,Nick Vannett (29001084),Nick Vannett,29001084,TE/FLEX,2500,MIA@LAC 09/10/2023 04:25PM ET,LAC,1.04,0,0
TE,Ian Thomas (28793557),Ian Thomas,28793557,TE/FLEX,2500,CAR@ATL 09/10/2023 01:00PM ET,CAR,2.39,0.29,0.15
TE,Tommy Tremble (28793559),Tommy Tremble,28793559,TE/FLEX,2500,CAR@ATL 09/10/2023 01:00PM ET,CAR,3.14,0.809,0.915
TE,Giovanni Ricci (28793561),Giovanni Ricci,28793561,TE/FLEX,2500,CAR@ATL 09/10/2023 01:00PM ET,CAR,1.2,0,0
TE,Stephen Sullivan (28793563),Stephen Sullivan,28793563,TE/FLEX,2500,CAR@ATL 09/10/2023 01:00PM ET,CAR,0.47,0,0
TE,MyCole Pruitt (28793565),MyCole Pruitt,28793565,TE/FLEX,2500,CAR@ATL 09/10/2023 01:00PM ET,ATL,4.23,0.474,0.79
TE,Parker Hesse (28793567),Parker Hesse,28793567,TE/FLEX,2500,CAR@ATL 09/10/2023 01:00PM ET,ATL,1.05,0,0
TE,Feleipe Franks (28793569),Feleipe Franks,28793569,TE/FLEX,2500,CAR@ATL 09/10/2023 01:00PM ET,ATL,0,0,0
TE,John FitzPatrick (28793571),John FitzPatrick,28793571,TE/FLEX,2500,CAR@ATL 09/10/2023 01:00PM ET,ATL,0,0.06,0.1
TE,Tucker Fisk (28793573),Tucker Fisk,28793573,TE/FLEX,2500,CAR@ATL 09/10/2023 01:00PM ET,ATL,0,0,0
TE,Charlie Kolar (28793541),Charlie Kolar,28793541,TE/FLEX,2500,HOU@BAL 09/10/2023 01:00PM ET,BAL,4.45,0.483,0.805
TE,Travis Vokolek (28793543),Travis Vokolek,28793543,TE/FLEX,2500,HOU@BAL 09/10/2023 01:00PM ET,BAL,0,0,0
TE,Tyler Ott (28793545),Tyler Ott,28793545,TE/FLEX,2500,HOU@BAL 09/10/2023 01:00PM ET,BAL,0,0,0
TE,Teagan Quitoriano (28793547),Teagan Quitoriano,28793547,TE/FLEX,2500,HOU@BAL 09/10/2023 01:00PM ET,HOU,3.37,0.726,0.91
TE,Brevin Jordan (28793549),Brevin Jordan,28793549,TE/FLEX,2500,HOU@BAL 09/10/2023 01:00PM ET,HOU,2.44,2.171,2.035
TE,Eric Tomlinson (28793551),Eric Tomlinson,28793551,TE/FLEX,2500,HOU@BAL 09/10/2023 01:00PM ET,HOU,1.7,0,0
TE,Mason Schreck (28793553),Mason Schreck,28793553,TE/FLEX,2500,HOU@BAL 09/10/2023 01:00PM ET,HOU,0.87,0,0
TE,Jordan Murray (28793555),Jordan Murray,28793555,TE/FLEX,2500,HOU@BAL 09/10/2023 01:00PM ET,HOU,0,0,0
TE,Dalton Keene (29001082),Dalton Keene,29001082,TE/FLEX,2500,HOU@BAL 09/10/2023 01:00PM ET,HOU,0,0,0
TE,Harrison Bryant (28793521),Harrison Bryant,28793521,TE/FLEX,2500,CIN@CLE 09/10/2023 01:00PM ET,CLE,3.63,1.167,0.745
TE,Zaire Mitchell-Paden (28793523),Zaire Mitchell-Paden,28793523,TE/FLEX,2500,CIN@CLE 09/10/2023 01:00PM ET,CLE,0,0,0
TE,Thomas Greaney (28793525),Thomas Greaney,28793525,TE/FLEX,2500,CIN@CLE 09/10/2023 01:00PM ET,CLE,0,0,0
TE,Mitchell Wilcox (28793527),Mitchell Wilcox,28793527,TE/FLEX,2500,CIN@CLE 09/10/2023 01:00PM ET,CIN,2.15,0.534,0.89
TE,Drew Sample (28793529),Drew Sample,28793529,TE/FLEX,2500,CIN@CLE 09/10/2023 01:00PM ET,CIN,0.9,0.345,0.275
TE,Devin Asiasi (28793531),Devin Asiasi,28793531,TE/FLEX,2500,CIN@CLE 09/10/2023 01:00PM ET,CIN,0.18,0,0
TE,Tanner Hudson (28793533),Tanner Hudson,28793533,TE/FLEX,2500,CIN@CLE 09/10/2023 01:00PM ET,CIN,2.11,0,0
TE,Christian Trahan (28793537),Christian Trahan,28793537,TE/FLEX,2500,CIN@CLE 09/10/2023 01:00PM ET,CIN,0,0,0
TE,Cal Adomitis (28793539),Cal Adomitis,28793539,TE/FLEX,2500,CIN@CLE 09/10/2023 01:00PM ET,CIN,0,0,0
TE,Miller Forristall (29001080),Miller Forristall,29001080,TE/FLEX,2500,CIN@CLE 09/10/2023 01:00PM ET,CLE,0,0,0
TE,Brenton Strange (28793499),Brenton Strange,28793499,TE/FLEX,2500,JAX@IND 09/10/2023 01:00PM ET,JAX,0,0.495,0.825
TE,Luke Farrell (28793501),Luke Farrell,28793501,TE/FLEX,2500,JAX@IND 09/10/2023 01:00PM ET,JAX,0.42,0.162,0.27
TE,Gerrit Prince (28793503),Gerrit Prince,28793503,TE/FLEX,2500,JAX@IND 09/10/2023 01:00PM ET,JAX,0,0,0
TE,Sammis Reyes (28793505),Sammis Reyes,28793505,TE/FLEX,2500,JAX@IND 09/10/2023 01:00PM ET,JAX,0,0,0
TE,Josh Pederson (28793507),Josh Pederson,28793507,TE/FLEX,2500,JAX@IND 09/10/2023 01:00PM ET,JAX,0,0,0
TE,Leonard Taylor (28793509),Leonard Taylor,28793509,TE/FLEX,2500,JAX@IND 09/10/2023 01:00PM ET,JAX,0,0,0
TE,Mo Alie-Cox (28793511),Mo Alie-Cox,28793511,TE/FLEX,2500,JAX@IND 09/10/2023 01:00PM ET,IND,3.23,2.971,4.995
TE,Will Mallory (28793513),Will Mallory,28793513,TE/FLEX,2500,JAX@IND 09/10/2023 01:00PM ET,IND,0,0.063,0.105
TE,Drew Ogletree (28793517),Drew Ogletree,28793517,TE/FLEX,2500,JAX@IND 09/10/2023 01:00PM ET,IND,0,0.63,1.05
TE,Ricky Seals-Jones (29001064),Ricky Seals-Jones,29001064,TE/FLEX,2500,JAX@IND 09/10/2023 01:00PM ET,IND,0,0,0
TE,Nick Eubanks (29001076),Nick Eubanks,29001076,TE/FLEX,2500,JAX@IND 09/10/2023 01:00PM ET,IND,0,0,0
TE,Michael Jacobson (29001078),Michael Jacobson,29001078,TE/FLEX,2500,JAX@IND 09/10/2023 01:00PM ET,IND,0,0,0
TE,Payne Durham (28793477),Payne Durham,28793477,TE/FLEX,2500,TB@MIN 09/10/2023 01:00PM ET,TB,0,0.268,0.38
TE,Ko Kieft (28793479),Ko Kieft,28793479,TE/FLEX,2500,TB@MIN 09/10/2023 01:00PM ET,TB,1.17,1.152,2.92
TE,David Wells (28793481),David Wells,28793481,TE/FLEX,2500,TB@MIN 09/10/2023 01:00PM ET,TB,0,0,0
TE,Dominique Dafney (28793483),Dominique Dafney,28793483,TE/FLEX,2500,TB@MIN 09/10/2023 01:00PM ET,TB,0,0.1,0
TE,Tanner Taula (28793485),Tanner Taula,28793485,TE/FLEX,2500,TB@MIN 09/10/2023 01:00PM ET,TB,0,0,0
TE,Josh Oliver (28793487),Josh Oliver,28793487,TE/FLEX,2500,TB@MIN 09/10/2023 01:00PM ET,MIN,2.53,0.858,0.93
TE,Johnny Mundt (28793489),Johnny Mundt,28793489,TE/FLEX,2500,TB@MIN 09/10/2023 01:00PM ET,MIN,2.29,0.522,0.57
TE,Nick Muse (28793491),Nick Muse,28793491,TE/FLEX,2500,TB@MIN 09/10/2023 01:00PM ET,MIN,0,0,0
TE,Colin Thompson (28793493),Colin Thompson,28793493,TE/FLEX,2500,TB@MIN 09/10/2023 01:00PM ET,MIN,0,0,0
TE,Andrew DePaola (28793497),Andrew DePaola,28793497,TE/FLEX,2500,TB@MIN 09/10/2023 01:00PM ET,MIN,0,0,0
TE,Jimmy Graham (28793457),Jimmy Graham,28793457,TE/FLEX,2500,TEN@NO 09/10/2023 01:00PM ET,NO,0,0.354,0.59
TE,Jesse James (28793459),Jesse James,28793459,TE/FLEX,2500,TEN@NO 09/10/2023 01:00PM ET,NO,0,0,0
TE,Zach Wood (28793463),Zach Wood,28793463,TE/FLEX,2500,TEN@NO 09/10/2023 01:00PM ET,NO,0,0,0
TE,Josh Whyle (28793465),Josh Whyle,28793465,TE/FLEX,2500,TEN@NO 09/10/2023 01:00PM ET,TEN,0,1.083,2.425
TE,Trevon Wesco (28793467),Trevon Wesco,28793467,TE/FLEX,2500,TEN@NO 09/10/2023 01:00PM ET,TEN,0.47,0.345,0.575
TE,Kevin Rader (28793469),Kevin Rader,28793469,TE/FLEX,2500,TEN@NO 09/10/2023 01:00PM ET,TEN,0,0.3,0
TE,Thomas Odukoya (28793471),Thomas Odukoya,28793471,TE/FLEX,2500,TEN@NO 09/10/2023 01:00PM ET,TEN,0,0,0
TE,Justin Rigg (28793473),Justin Rigg,28793473,TE/FLEX,2500,TEN@NO 09/10/2023 01:00PM ET,TEN,0,0,0
TE,Alize Mack (28793475),Alize Mack,28793475,TE/FLEX,2500,TEN@NO 09/10/2023 01:00PM ET,TEN,0,0,0
TE,J.P. Holtz (29001074),J.P. Holtz,29001074,TE/FLEX,2500,TEN@NO 09/10/2023 01:00PM ET,NO,0,0,0
TE,Cameron Latu (28793439),Cameron Latu,28793439,TE/FLEX,2500,SF@PIT 09/10/2023 01:00PM ET,SF,0,0,0
TE,Charlie Woerner (28793441),Charlie Woerner,28793441,TE/FLEX,2500,SF@PIT 09/10/2023 01:00PM ET,SF,0,0.165,0.275
TE,Ross Dwelley (28793443),Ross Dwelley,28793443,TE/FLEX,2500,SF@PIT 09/10/2023 01:00PM ET,SF,1.5,0.394,0.49
TE,Brayden Willis (28793445),Brayden Willis,28793445,TE/FLEX,2500,SF@PIT 09/10/2023 01:00PM ET,SF,0,0.003,0.005
TE,Troy Fumagalli (28793447),Troy Fumagalli,28793447,TE/FLEX,2500,SF@PIT 09/10/2023 01:00PM ET,SF,0,0,0
TE,Darnell Washington (28793449),Darnell Washington,28793449,TE/FLEX,2500,SF@PIT 09/10/2023 01:00PM ET,PIT,0,0.691,0.785
TE,Zach Gentry (28793451),Zach Gentry,28793451,TE/FLEX,2500,SF@PIT 09/10/2023 01:00PM ET,PIT,1.89,0,0
TE,Connor Heyward (28793453),Connor Heyward,28793453,TE/FLEX,2500,SF@PIT 09/10/2023 01:00PM ET,PIT,2.11,0.135,0.225
TE,Rodney Williams II (28793455),Rodney Williams II,28793455,TE/FLEX,2500,SF@PIT 09/10/2023 01:00PM ET,PIT,0,0,0
TE,John Bates (28793417),John Bates,28793417,TE/FLEX,2500,ARI@WAS 09/10/2023 01:00PM ET,WAS,1.92,0.765,2.18
TE,Cole Turner (28793419),Cole Turner,28793419,TE/FLEX,2500,ARI@WAS 09/10/2023 01:00PM ET,WAS,0.43,0.799,1.065
TE,Curtis Hodges (28793421),Curtis Hodges,28793421,TE/FLEX,2500,ARI@WAS 09/10/2023 01:00PM ET,WAS,0,0,0
TE,Brandon Dillon (28793423),Brandon Dillon,28793423,TE/FLEX,2500,ARI@WAS 09/10/2023 01:00PM ET,WAS,0,0,0
TE,Armani Rogers (28793425),Armani Rogers,28793425,TE/FLEX,2500,ARI@WAS 09/10/2023 01:00PM ET,WAS,1.27,0,0
TE,Noah Togiai (28793427),Noah Togiai,28793427,TE/FLEX,2500,ARI@WAS 09/10/2023 01:00PM ET,ARI,0,0,0
TE,Geoff Swaim (28793429),Geoff Swaim,28793429,TE/FLEX,2500,ARI@WAS 09/10/2023 01:00PM ET,ARI,1.4,0.039,0.065
TE,Bernhard Seikovits (28793431),Bernhard Seikovits,28793431,TE/FLEX,2500,ARI@WAS 09/10/2023 01:00PM ET,ARI,0,0,0
TE,Blake Whiteheart (28793433),Blake Whiteheart,28793433,TE/FLEX,2500,ARI@WAS 09/10/2023 01:00PM ET,ARI,0,0,0
TE,Joel Honigford (28793435),Joel Honigford,28793435,TE/FLEX,2500,ARI@WAS 09/10/2023 01:00PM ET,ARI,0,0,0
TE,Jack Coco (28793437),Jack Coco,28793437,TE/FLEX,2500,ARI@WAS 09/10/2023 01:00PM ET,ARI,0,0,0
TE,Kaden Smith (28793519),Kaden Smith,28793519,TE/FLEX,2500,ARI@WAS 09/10/2023 01:00PM ET,WAS,0,0,0
DST,Cardinals  (28793596),Cardinals ,28793596,DST,2500,ARI@WAS 09/10/2023 01:00PM ET,ARI,6.06,6.241,5.33
TE,Josiah Deguara (28793399),Josiah Deguara,28793399,TE/FLEX,2500,GB@CHI 09/10/2023 04:25PM ET,GB,1.44,3.068,4.52
TE,Tucker Kraft (28793401),Tucker Kraft,28793401,TE/FLEX,2500,GB@CHI 09/10/2023 04:25PM ET,GB,0,0.256,0.06
TE,Tyler Davis (28793403),Tyler Davis,28793403,TE/FLEX,2500,GB@CHI 09/10/2023 04:25PM ET,GB,0.39,0,0
TE,Austin Allen (28793405),Austin Allen,28793405,TE/FLEX,2500,GB@CHI 09/10/2023 04:25PM ET,GB,0,0,0
TE,Jake Tonges (28793409),Jake Tonges,28793409,TE/FLEX,2500,GB@CHI 09/10/2023 04:25PM ET,CHI,0,0,0
TE,Chase Allen (28793411),Chase Allen,28793411,TE/FLEX,2500,GB@CHI 09/10/2023 04:25PM ET,CHI,0,0,0
TE,Stephen Carlson (28793413),Stephen Carlson,28793413,TE/FLEX,2500,GB@CHI 09/10/2023 04:25PM ET,CHI,0,0,0
TE,Patrick Scales (28793415),Patrick Scales,28793415,TE/FLEX,2500,GB@CHI 09/10/2023 04:25PM ET,CHI,0,0,0
TE,Ben Sims (28793495),Ben Sims,28793495,TE/FLEX,2500,GB@CHI 09/10/2023 04:25PM ET,GB,0,0,0
TE,Marcedes Lewis (29001068),Marcedes Lewis,29001068,TE/FLEX,2500,GB@CHI 09/10/2023 04:25PM ET,CHI,1.56,0.063,0.105
TE,Jared Pinkney (29001070),Jared Pinkney,29001070,TE/FLEX,2500,GB@CHI 09/10/2023 04:25PM ET,CHI,0,0,0
TE,Lachlan Pitts (29001072),Lachlan Pitts,29001072,TE/FLEX,2500,GB@CHI 09/10/2023 04:25PM ET,CHI,0,0,0
TE,O.J. Howard (28793381),O.J. Howard,28793381,TE/FLEX,2500,LV@DEN 09/10/2023 04:25PM ET,LV,2.81,0,0
TE,Jesper Horsted (28793383),Jesper Horsted,28793383,TE/FLEX,2500,LV@DEN 09/10/2023 04:25PM ET,LV,0.33,0.066,0.11
TE,Cole Fotheringham (28793385),Cole Fotheringham,28793385,TE/FLEX,2500,LV@DEN 09/10/2023 04:25PM ET,LV,0,0,0
TE,John Samuel Shenker (28793387),John Samuel Shenker,28793387,TE/FLEX,2500,LV@DEN 09/10/2023 04:25PM ET,LV,0,0,0
TE,Adam Trautman (28793389),Adam Trautman,28793389,TE/FLEX,2500,LV@DEN 09/10/2023 04:25PM ET,DEN,2.98,3.43,5.03
TE,Chris Manhertz (28793391),Chris Manhertz,28793391,TE/FLEX,2500,LV@DEN 09/10/2023 04:25PM ET,DEN,0.54,0.069,0.115
TE,Tommy Hudson (28793393),Tommy Hudson,28793393,TE/FLEX,2500,LV@DEN 09/10/2023 04:25PM ET,DEN,0,0,0
TE,Nate Adkins (28793395),Nate Adkins,28793395,TE/FLEX,2500,LV@DEN 09/10/2023 04:25PM ET,DEN,0,0,0
TE,Mitchell Fraboni (28793397),Mitchell Fraboni,28793397,TE/FLEX,2500,LV@DEN 09/10/2023 04:25PM ET,DEN,0,0,0
TE,Jacob Hollister (29001066),Jacob Hollister,29001066,TE/FLEX,2500,LV@DEN 09/10/2023 04:25PM ET,LV,0,0,0
TE,Tre' McKitty (28793363),Tre' McKitty,28793363,TE/FLEX,2500,MIA@LAC 09/10/2023 04:25PM ET,LAC,1.16,0.435,0.425
TE,Stone Smartt (28793365),Stone Smartt,28793365,TE/FLEX,2500,MIA@LAC 09/10/2023 04:25PM ET,LAC,0.81,0.066,0.11
TE,Hunter Kampmoyer (28793367),Hunter Kampmoyer,28793367,TE/FLEX,2500,MIA@LAC 09/10/2023 04:25PM ET,LAC,0,0,0
TE,Michael Ezeike (28793369),Michael Ezeike,28793369,TE/FLEX,2500,MIA@LAC 09/10/2023 04:25PM ET,LAC,0,0,0
TE,Tyler Kroft (28793371),Tyler Kroft,28793371,TE/FLEX,2500,MIA@LAC 09/10/2023 04:25PM ET,MIA,0.75,0.38,0
TE,Eric Saubert (28793373),Eric Saubert,28793373,TE/FLEX,2500,MIA@LAC 09/10/2023 04:25PM ET,MIA,2.11,0,0
TE,Elijah Higgins (28793375),Elijah Higgins,28793375,TE/FLEX,2500,MIA@LAC 09/10/2023 04:25PM ET,MIA,0,0.039,0.065
TE,Tanner Conner (28793377),Tanner Conner,28793377,TE/FLEX,2500,MIA@LAC 09/10/2023 04:25PM ET,MIA,0,0,0
TE,Julian Hill (28793379),Julian Hill,28793379,TE/FLEX,2500,MIA@LAC 09/10/2023 04:25PM ET,MIA,0,0.822,3.56
DST,Dolphins  (28793595),Dolphins ,28793595,DST,2500,MIA@LAC 09/10/2023 04:25PM ET,MIA,6.61,5.663,6.04
TE,Jack Stoll (28793347),Jack Stoll,28793347,TE/FLEX,2500,PHI@NE 09/10/2023 04:25PM ET,PHI,1.24,0.135,0.225
TE,Grant Calcaterra (28793349),Grant Calcaterra,28793349,TE/FLEX,2500,PHI@NE 09/10/2023 04:25PM ET,PHI,0.73,0.67,0.85
TE,Tyree Jackson (28793351),Tyree Jackson,28793351,TE/FLEX,2500,PHI@NE 09/10/2023 04:25PM ET,PHI,0,0,0
TE,Brady Russell (28793353),Brady Russell,28793353,TE/FLEX,2500,PHI@NE 09/10/2023 04:25PM ET,PHI,0,0,0
TE,Anthony Firkser (28793355),Anthony Firkser,28793355,TE/FLEX,2500,PHI@NE 09/10/2023 04:25PM ET,NE,1.73,0.1,0
TE,Matt Sokol (28793357),Matt Sokol,28793357,TE/FLEX,2500,PHI@NE 09/10/2023 04:25PM ET,NE,0,0,0
TE,Scotty Washington (28793359),Scotty Washington,28793359,TE/FLEX,2500,PHI@NE 09/10/2023 04:25PM ET,NE,0,0,0
TE,Johnny Lumpkin (28793361),Johnny Lumpkin,28793361,TE/FLEX,2500,PHI@NE 09/10/2023 04:25PM ET,NE,0,0,0
TE,Colby Parkinson (28793331),Colby Parkinson,28793331,TE/FLEX,2500,LAR@SEA 09/10/2023 04:25PM ET,SEA,4.09,3.904,5.3
TE,Tyler Mabry (28793333),Tyler Mabry,28793333,TE/FLEX,2500,LAR@SEA 09/10/2023 04:25PM ET,SEA,2.57,0,0
TE,Noah Gindorff (28793335),Noah Gindorff,28793335,TE/FLEX,2500,LAR@SEA 09/10/2023 04:25PM ET,SEA,0,0,0
TE,Griffin Hebert (28793337),Griffin Hebert,28793337,TE/FLEX,2500,LAR@SEA 09/10/2023 04:25PM ET,SEA,0,0,0
TE,Hunter Long (28793339),Hunter Long,28793339,TE/FLEX,2500,LAR@SEA 09/10/2023 04:25PM ET,LAR,0,0.393,0.355
TE,Davis Allen (28793341),Davis Allen,28793341,TE/FLEX,2500,LAR@SEA 09/10/2023 04:25PM ET,LAR,0,0,0
TE,Christian Sims (28793343),Christian Sims,28793343,TE/FLEX,2500,LAR@SEA 09/10/2023 04:25PM ET,LAR,0,0,0
TE,Nikola Kalinic (28793345),Nikola Kalinic,28793345,TE/FLEX,2500,LAR@SEA 09/10/2023 04:25PM ET,LAR,0,0,0
TE,Camren McDonald (28793407),Camren McDonald,28793407,TE/FLEX,2500,LAR@SEA 09/10/2023 04:25PM ET,LAR,0,0,0
DST,Colts  (28793597),Colts ,28793597,DST,2400,JAX@IND 09/10/2023 01:00PM ET,IND,6.82,5.502,5.695
DST,Raiders  (28793598),Raiders ,28793598,DST,2300,LV@DEN 09/10/2023 04:25PM ET,LV,4.53,6.273,5.37
DST,Buccaneers  (28793599),Buccaneers ,28793599,DST,2200,TB@MIN 09/10/2023 01:00PM ET,TB,5.78,6.045,5.74
DST,Texans  (28793600),Texans ,28793600,DST,2100,HOU@BAL 09/10/2023 01:00PM ET,HOU,6.47,5.398,5.62